EmployeeID,Age,Gender,MaritalStatus,DistanceFromHome,EnvironmentSatisfaction,JobSatisfaction,MonthlyIncome,NumCompaniesWorked,OverTime,TotalWorkingYears,YearsAtCompany,Attrition
1,41,Female,Single,1,2,4,5993,8,Yes,8,6,Yes
2,49,Male,Married,8,3,2,5130,1,No,10,10,No
4,37,Male,Single,2,4,3,2090,6,Yes,7,0,Yes
5,33,Female,Married,3,4,3,2909,1,Yes,8,8,No
7,27,Male,Married,2,1,2,3468,9,No,6,2,No
8,32,Male,Single,2,4,4,3068,0,No,8,7,No
10,59,Female,Married,3,3,1,2670,4,Yes,12,1,No
11,30,Male,Divorced,24,4,3,2693,1,No,1,1,No
12,38,Male,Single,23,4,3,9526,0,No,10,9,No
13,36,Male,Married,27,3,3,5237,6,No,17,7,No
14,35,Male,Married,16,1,2,2426,0,No,6,5,No
15,29,Female,Single,15,4,3,4193,0,Yes,10,9,No
16,31,Male,Divorced,26,1,3,2911,1,No,5,5,No
18,34,Male,Divorced,19,2,4,2661,0,No,3,2,No
19,28,Male,Single,24,3,3,2028,5,Yes,6,4,Yes
20,29,Female,Divorced,21,2,1,9980,1,No,10,10,No
21,32,Male,Divorced,5,1,2,3298,0,Yes,7,6,No
22,22,Male,Divorced,16,4,4,2935,1,Yes,1,1,No
23,53,Female,Married,2,1,4,15427,2,No,31,25,No
24,38,Male,Single,2,4,4,3944,5,Yes,6,3,No
26,24,Female,Divorced,11,1,3,4011,0,No,5,4,No
27,36,Male,Single,9,3,1,3407,7,No,10,5,Yes
28,34,Female,Single,7,1,2,11994,0,No,13,12,No
30,21,Male,Single,15,3,4,1232,1,No,0,0,No
31,34,Male,Single,6,2,1,2960,2,No,8,4,Yes
32,53,Female,Divorced,5,3,3,19094,4,No,26,14,No
33,32,Female,Single,16,2,1,3919,1,Yes,10,10,Yes
35,42,Male,Married,8,3,2,6825,0,No,10,9,No
36,44,Female,Married,7,1,4,10248,3,No,24,22,No
38,46,Female,Single,2,2,1,18947,3,No,22,2,No
39,33,Male,Single,2,3,4,2496,4,No,7,1,No
40,44,Male,Married,10,4,4,6465,2,Yes,9,4,No
41,30,Male,Single,9,4,3,2206,1,No,10,10,No
42,39,Male,Married,5,4,4,2086,3,No,19,1,Yes
45,24,Male,Married,1,2,4,2293,2,Yes,6,2,Yes
46,43,Female,Divorced,2,4,3,2645,1,No,6,5,No
47,50,Male,Married,3,1,3,2683,1,Yes,3,3,Yes
49,35,Female,Married,2,4,4,2014,1,No,2,2,No
51,36,Female,Married,5,2,1,3419,9,Yes,6,1,No
52,33,Female,Married,1,3,1,5376,2,No,10,5,No
53,35,Male,Divorced,4,3,4,1951,1,No,1,1,No
54,27,Female,Divorced,2,4,1,2341,1,No,1,1,No
55,26,Male,Single,25,1,3,2293,1,No,1,1,Yes
56,27,Male,Single,8,4,3,8726,1,No,9,9,No
57,30,Female,Single,1,3,4,4011,1,No,12,12,No
58,41,Female,Married,12,2,3,19545,1,No,23,22,Yes
60,34,Male,Single,23,2,3,4568,0,No,10,9,No
61,37,Male,Married,19,2,2,3022,4,No,8,1,No
62,46,Male,Single,5,1,4,5772,4,Yes,14,9,No
63,35,Male,Married,8,4,4,2269,1,No,1,1,No
64,48,Male,Single,1,1,3,5381,9,Yes,23,1,Yes
65,28,Male,Single,5,3,3,3441,1,Yes,2,2,Yes
68,44,Female,Divorced,1,2,1,5454,5,Yes,9,4,No
70,35,Male,Married,11,3,1,9884,2,Yes,10,4,No
72,26,Female,Married,23,3,4,4157,7,Yes,5,2,No
73,33,Female,Single,1,1,4,13458,1,Yes,15,15,No
74,35,Male,Married,18,2,1,9069,1,No,9,9,No
75,35,Female,Married,23,3,1,4014,3,Yes,4,2,No
76,31,Male,Divorced,7,4,4,5915,3,No,10,7,No
77,37,Male,Divorced,1,1,3,5993,1,No,7,7,No
78,32,Male,Married,1,1,4,6162,1,Yes,9,9,No
79,38,Female,Single,29,4,4,2406,1,No,10,10,No
80,50,Female,Divorced,7,2,3,18740,5,Yes,29,27,No
81,59,Female,Single,25,1,1,7637,7,No,28,21,No
83,36,Female,Divorced,8,3,3,10096,1,No,17,17,No
84,55,Female,Divorced,8,4,3,14756,2,Yes,21,5,No
85,36,Male,Single,11,2,2,6499,1,No,6,6,No
86,45,Male,Divorced,7,2,1,9724,2,No,25,1,No
88,35,Male,Married,1,2,1,2194,4,No,5,3,No
90,36,Male,Married,9,4,3,3388,0,Yes,2,1,Yes
91,59,Female,Single,1,1,3,5473,7,No,20,4,No
94,29,Male,Married,2,3,2,2703,0,No,6,5,No
95,31,Male,Single,1,3,2,2501,1,No,1,1,No
96,32,Male,Married,1,2,2,6220,1,No,10,10,No
97,36,Female,Married,6,2,4,3038,3,No,5,1,No
98,31,Female,Single,8,3,4,4424,1,No,11,11,No
100,35,Male,Single,1,3,1,4312,0,No,16,15,No
101,45,Male,Married,6,4,1,13245,4,Yes,17,0,No
102,37,Male,Single,7,1,3,13664,4,No,16,5,No
103,46,Male,Divorced,5,2,2,5021,8,Yes,16,4,No
104,30,Male,Married,1,4,4,5126,1,Yes,10,10,No
105,35,Male,Single,1,2,3,2859,1,No,6,6,No
106,55,Male,Married,1,1,4,10239,3,No,24,1,No
107,38,Female,Divorced,6,2,4,5329,7,Yes,17,13,No
110,34,Male,Married,1,1,2,4325,1,No,5,5,No
112,56,Male,Single,7,4,4,7260,4,No,37,6,No
113,23,Male,Divorced,2,3,1,2322,3,No,3,0,No
116,51,Male,Married,9,4,4,2075,3,No,10,4,No
117,30,Male,Married,2,3,4,4152,1,No,11,11,No
118,46,Male,Single,9,3,4,9619,1,No,9,9,Yes
119,40,Male,Married,1,3,2,13503,1,No,22,22,No
120,51,Male,Single,21,3,4,5441,0,Yes,11,10,No
121,30,Female,Divorced,4,3,2,5209,1,Yes,11,11,No
124,46,Male,Married,1,3,1,10673,2,Yes,21,10,No
125,32,Male,Single,6,2,3,5010,1,No,12,11,No
126,54,Female,Married,2,1,3,13549,9,No,16,4,No
128,24,Female,Married,3,1,3,4999,0,No,4,3,No
129,28,Male,Married,4,2,3,4221,1,No,5,5,No
131,58,Male,Single,10,4,3,13872,0,No,38,37,No
132,44,Male,Married,23,2,2,2042,4,No,17,3,No
133,37,Male,Divorced,6,3,1,2073,4,Yes,7,3,Yes
134,32,Male,Single,1,4,1,2956,1,No,1,1,No
137,20,Female,Single,6,4,4,2926,1,Yes,1,1,Yes
138,34,Female,Single,6,1,3,4809,1,No,16,16,No
139,37,Male,Divorced,2,3,4,5163,5,No,17,1,No
140,59,Female,Married,2,3,4,18844,9,No,30,3,No
141,50,Female,Married,1,1,2,18172,3,Yes,28,8,No
142,25,Male,Single,5,3,3,5744,1,Yes,6,6,Yes
143,25,Male,Married,7,4,4,2889,1,No,2,2,No
144,22,Female,Single,15,2,4,2871,1,No,1,0,No
145,51,Female,Single,1,1,1,7484,3,No,23,13,No
147,34,Male,Single,7,1,3,6074,1,Yes,9,9,Yes
148,54,Female,Single,26,4,4,17328,2,Yes,23,5,No
150,24,Male,Married,18,2,3,2774,0,No,6,5,No
151,34,Female,Divorced,6,3,2,4505,6,No,12,1,No
152,37,Male,Single,3,3,4,7428,2,No,12,5,No
153,34,Female,Single,5,3,1,11631,2,No,14,11,No
154,36,Female,Married,11,2,4,9738,0,No,10,9,No
155,36,Female,Divorced,3,1,4,2835,5,No,7,1,No
158,43,Male,Married,26,3,4,16959,1,Yes,25,25,No
159,30,Male,Divorced,23,1,3,2613,1,No,10,10,No
160,33,Male,Married,22,3,2,6146,0,No,8,7,No
161,56,Female,Married,14,2,2,4963,9,Yes,7,5,Yes
162,51,Male,Single,6,1,3,19537,7,No,23,20,No
163,31,Male,Married,6,2,3,6172,4,Yes,12,7,Yes
164,26,Female,Married,6,3,2,2368,1,No,5,5,No
165,58,Female,Married,23,4,4,10312,1,No,40,40,Yes
167,19,Male,Single,22,4,3,1675,1,Yes,0,0,Yes
169,22,Male,Married,2,3,4,2523,0,No,3,2,No
170,49,Female,Married,20,3,1,6567,1,No,16,15,No
171,43,Female,Single,28,2,3,4739,4,No,18,3,No
174,50,Female,Single,12,3,4,9208,4,No,16,2,No
175,31,Female,Married,20,2,3,4559,3,Yes,4,2,Yes
176,41,Male,Divorced,9,3,3,8189,3,Yes,12,9,No
177,26,Female,Married,25,3,3,2942,1,No,8,8,No
178,36,Male,Divorced,6,2,2,4941,6,No,7,3,No
179,51,Male,Single,8,1,4,10650,2,No,18,4,Yes
182,39,Female,Married,4,4,3,5902,4,No,17,15,No
183,25,Male,Married,28,1,3,8639,2,No,6,2,No
184,30,Male,Married,9,3,4,6347,0,Yes,12,11,No
190,32,Female,Single,9,1,1,4200,7,No,10,5,Yes
192,45,Male,Single,29,3,4,3452,5,No,9,6,No
193,38,Female,Single,3,4,3,4317,3,Yes,19,3,No
194,30,Female,Single,18,1,3,2632,1,No,5,5,No
195,32,Male,Divorced,9,4,4,4668,0,No,9,8,No
197,30,Female,Divorced,5,4,1,3204,5,No,8,3,No
198,30,Male,Single,2,2,4,2720,0,No,6,5,No
199,41,Male,Divorced,10,4,1,17181,4,No,21,7,No
200,41,Male,Married,9,3,1,2238,2,No,7,5,No
201,19,Female,Single,3,2,2,1483,1,No,1,1,No
202,40,Female,Divorced,26,2,2,5605,1,No,20,20,No
204,35,Male,Married,1,3,2,7295,1,No,10,10,No
205,53,Male,Married,6,2,3,2306,2,Yes,13,7,No
206,45,Male,Divorced,9,2,2,2348,8,No,20,17,No
207,32,Female,Single,8,2,4,8998,1,No,9,9,No
208,29,Male,Married,1,4,3,4319,1,No,10,10,No
211,51,Male,Married,7,2,3,6132,2,No,10,1,No
214,58,Female,Married,9,2,2,3346,4,Yes,9,1,No
215,40,Male,Married,4,3,4,10855,7,No,15,12,No
216,34,Female,Married,2,3,3,2231,6,No,6,4,No
217,22,Male,Married,19,3,4,2323,1,No,2,2,No
218,27,Male,Divorced,9,4,2,2024,6,No,6,2,No
221,28,Male,Married,21,3,4,2713,1,No,5,5,No
223,57,Male,Divorced,24,3,4,9439,3,Yes,12,5,No
224,27,Male,Divorced,3,3,3,2566,1,Yes,1,1,No
226,50,Female,Single,11,3,2,19926,3,No,21,5,No
227,41,Male,Divorced,14,1,3,2451,4,No,13,9,No
228,30,Female,Married,5,2,4,9419,2,No,12,10,No
230,38,Female,Single,1,1,4,8686,4,No,12,8,No
231,32,Male,Single,6,3,3,3038,3,No,8,5,No
233,27,Male,Married,17,3,2,3058,0,Yes,6,5,No
235,19,Female,Single,1,3,1,2325,0,No,1,0,Yes
238,36,Male,Single,3,4,2,2088,4,No,13,8,No
239,30,Male,Divorced,9,3,1,3072,1,No,12,12,No
240,45,Female,Divorced,4,3,1,5006,4,Yes,9,5,No
241,56,Female,Divorced,8,3,1,4257,4,Yes,19,2,No
242,33,Male,Single,2,3,4,2500,0,No,4,3,No
243,19,Male,Single,2,2,4,1102,1,No,1,1,Yes
244,46,Female,Divorced,1,2,1,10453,1,No,24,24,No
245,38,Female,Single,9,3,4,2288,1,No,2,2,No
246,31,Female,Married,12,3,4,3929,8,Yes,7,4,No
247,34,Female,Single,27,4,2,2311,2,No,9,3,No
248,41,Female,Single,20,2,2,3140,1,Yes,4,4,Yes
249,50,Male,Married,1,3,3,3690,2,No,5,3,No
250,53,Female,Divorced,13,4,1,4450,1,No,5,4,No
252,33,Female,Married,14,4,2,2756,1,No,8,8,No
253,40,Female,Married,4,4,3,19033,1,No,21,20,No
254,55,Male,Single,14,3,2,18722,8,No,36,24,No
256,34,Male,Married,2,4,3,9547,1,No,10,10,No
258,51,Female,Single,3,4,2,13734,3,No,21,7,No
259,52,Male,Married,1,3,3,19999,0,No,34,33,No
260,27,Female,Single,9,4,2,2279,1,No,7,7,No
261,35,Male,Married,23,2,3,5916,3,Yes,8,1,Yes
262,43,Male,Divorced,7,4,4,2089,4,No,7,5,No
264,45,Male,Married,2,1,4,16792,9,No,22,20,No
267,37,Male,Married,21,2,1,3564,1,Yes,8,8,No
269,35,Female,Single,2,2,2,4425,5,No,10,6,No
270,42,Female,Divorced,21,3,3,5265,2,No,11,5,No
271,38,Male,Married,2,4,3,6553,9,No,14,1,No
273,38,Male,Married,29,4,4,6261,3,No,9,7,No
274,27,Male,Married,1,3,1,4298,5,No,6,2,No
275,49,Male,Divorced,18,4,4,6804,1,Yes,7,7,No
277,34,Male,Divorced,10,4,3,3815,1,Yes,5,5,No
281,40,Male,Married,19,3,4,2741,8,Yes,15,7,No
282,38,Male,Married,29,2,1,6673,7,Yes,17,1,Yes
283,29,Female,Married,27,2,4,7639,1,No,10,10,Yes
284,22,Male,Divorced,5,4,2,2328,1,Yes,4,4,No
286,36,Female,Single,18,2,4,2153,1,No,8,8,No
287,40,Male,Married,9,4,4,4876,9,No,5,3,No
288,46,Male,Divorced,1,4,1,9396,7,No,17,4,No
291,32,Male,Married,4,4,4,10400,1,No,14,14,Yes
292,30,Male,Single,1,3,3,8474,1,No,12,11,No
293,27,Female,Single,20,4,3,9981,1,No,7,7,No
296,51,Male,Married,8,2,2,12490,5,No,16,10,No
297,30,Female,Single,3,4,1,2657,5,Yes,8,5,Yes
298,41,Female,Single,6,4,4,13591,3,Yes,16,1,No
299,30,Female,Single,26,3,1,6696,5,No,9,6,Yes
300,29,Male,Single,1,3,3,2058,0,No,7,6,Yes
302,45,Female,Single,6,4,4,8865,6,No,23,19,No
303,54,Female,Married,3,4,1,5940,2,No,16,6,No
304,36,Male,Single,5,4,2,5914,8,No,16,13,No
305,33,Female,Married,4,3,2,2622,6,No,7,3,No
306,37,Male,Divorced,11,2,4,12185,1,Yes,10,10,No
307,38,Male,Divorced,3,1,3,10609,0,No,17,16,No
308,31,Male,Married,1,3,3,4345,0,No,6,5,No
309,59,Male,Married,3,3,4,2177,3,No,7,1,No
311,37,Male,Divorced,4,1,4,2793,4,No,13,9,No
312,29,Female,Married,1,2,4,7918,1,No,11,11,No
314,35,Female,Single,1,3,3,8789,1,No,10,10,No
315,29,Male,Single,18,3,4,2389,1,Yes,4,4,Yes
316,52,Female,Single,2,3,4,3212,7,No,6,2,No
319,42,Male,Married,4,3,4,19232,1,No,22,22,No
321,59,Male,Married,6,2,3,2267,8,No,7,2,No
323,50,Female,Divorced,1,4,4,19517,3,No,32,7,No
325,33,Male,Married,14,3,4,2436,5,Yes,8,5,Yes
327,43,Female,Married,16,4,4,16064,5,Yes,22,17,No
328,33,Female,Married,2,1,1,2707,7,No,13,9,Yes
329,52,Male,Single,2,1,3,19068,1,Yes,33,33,No
330,32,Female,Married,4,3,2,3931,2,No,6,4,No
331,32,Male,Single,1,4,3,3730,0,Yes,4,3,Yes
332,39,Female,Divorced,1,3,3,2232,7,No,7,3,No
333,32,Male,Married,26,3,4,4465,0,No,4,3,No
334,41,Male,Divorced,19,3,1,3072,2,No,17,1,No
335,40,Male,Divorced,24,1,4,3319,1,No,9,9,No
336,45,Male,Married,1,3,4,19202,0,No,25,24,No
337,31,Male,Divorced,3,2,3,13675,9,No,9,2,No
338,33,Female,Married,5,3,4,2911,1,No,2,2,No
339,34,Male,Married,2,4,1,5957,6,No,13,11,No
340,37,Female,Married,1,3,1,3920,2,No,17,3,No
341,45,Male,Married,7,1,3,6434,4,No,9,3,No
342,37,Male,Divorced,10,1,3,10048,6,No,17,1,Yes
343,39,Female,Single,2,3,3,10938,0,No,20,19,No
346,29,Male,Single,15,3,4,2340,1,No,6,6,No
347,42,Female,Single,17,4,1,6545,3,Yes,10,3,No
349,29,Male,Divorced,20,4,4,6931,2,No,10,3,No
350,25,Female,Married,1,1,3,4898,0,No,5,4,No
351,42,Female,Divorced,2,4,1,2593,0,Yes,10,9,No
352,40,Male,Divorced,2,1,3,19436,0,No,22,21,No
353,51,Male,Married,1,3,4,2723,1,No,1,1,No
355,31,Male,Single,29,3,2,3479,0,No,6,5,Yes
359,32,Male,Married,7,2,2,2794,1,No,5,5,No
361,38,Male,Married,2,4,4,5249,3,No,13,8,No
362,32,Male,Single,2,4,1,2176,4,No,9,6,No
363,46,Female,Married,2,3,2,16872,3,Yes,28,7,No
364,28,Male,Single,2,1,3,3485,2,No,5,0,Yes
366,29,Male,Married,2,1,2,6644,2,No,10,0,No
367,31,Male,Married,23,2,4,5582,0,No,10,9,No
369,25,Male,Divorced,5,2,1,4000,1,No,6,6,No
372,45,Male,Married,20,3,4,13496,0,Yes,21,20,No
373,36,Male,Married,6,4,4,3210,0,No,16,15,No
374,55,Male,Single,1,4,1,19045,0,Yes,37,36,No
376,47,Male,Married,29,1,2,11849,1,Yes,10,10,Yes
377,28,Male,Married,9,4,4,2070,1,No,5,5,No
378,37,Male,Married,6,3,4,6502,4,No,7,5,No
379,21,Male,Single,3,4,3,3230,1,No,3,3,No
380,37,Female,Divorced,1,1,4,13603,2,Yes,15,5,No
381,35,Female,Divorced,22,2,2,11996,7,No,10,7,No
382,38,Female,Divorced,7,1,1,5605,1,Yes,8,8,No
384,26,Female,Divorced,1,3,2,6397,1,No,6,6,No
385,50,Male,Divorced,4,1,2,19144,3,No,28,10,No
386,53,Male,Married,3,3,3,17584,3,Yes,21,5,No
387,42,Male,Married,1,2,3,4907,1,No,20,20,No
388,29,Male,Single,2,2,4,4554,1,No,10,10,No
389,55,Male,Married,20,2,4,5415,3,Yes,12,10,No
390,26,Male,Married,11,1,1,4741,1,Yes,5,5,No
391,37,Female,Single,1,4,4,2115,1,No,17,17,No
392,44,Male,Divorced,24,4,3,3161,3,Yes,19,1,Yes
393,38,Male,Divorced,23,4,4,5745,9,No,10,2,No
394,26,Male,Divorced,16,1,2,2373,2,Yes,5,3,Yes
395,28,Female,Single,8,4,4,3310,1,No,5,5,No
396,49,Female,Single,10,3,1,18665,9,Yes,22,3,No
397,36,Male,Single,3,3,2,4485,4,No,10,8,No
399,31,Female,Divorced,5,4,2,2789,1,No,2,2,No
401,26,Male,Single,4,4,4,5828,1,Yes,8,8,Yes
403,37,Male,Married,9,2,4,2326,1,Yes,4,4,No
404,42,Female,Married,26,3,2,13525,5,No,23,20,No
405,18,Male,Single,3,3,3,1420,1,No,0,0,Yes
406,35,Male,Married,16,3,2,8020,0,No,12,11,No
407,36,Male,Married,18,3,4,3688,4,No,4,1,No
408,51,Male,Divorced,2,4,2,5482,5,No,13,4,No
410,41,Male,Single,2,4,2,16015,1,No,22,22,No
411,18,Female,Single,10,4,3,1200,1,No,0,0,No
412,28,Male,Single,16,2,1,5661,0,No,9,8,No
416,31,Male,Married,7,2,4,6929,4,No,10,8,No
417,39,Male,Divorced,1,3,4,9613,0,No,19,18,No
419,36,Female,Married,24,2,2,5674,7,No,11,9,No
420,32,Male,Married,7,4,3,5484,1,No,13,13,No
421,38,Female,Married,25,1,2,12061,3,No,19,10,No
422,58,Male,Divorced,1,4,3,5660,2,Yes,12,5,No
423,31,Male,Married,5,3,4,4821,0,Yes,6,5,No
424,31,Male,Married,2,1,1,6410,3,No,9,2,No
425,45,Male,Divorced,7,1,1,5210,1,No,24,24,No
426,31,Male,Divorced,2,3,4,2695,0,Yes,3,2,No
428,33,Female,Married,5,4,2,11878,6,No,12,10,No
429,39,Male,Married,10,3,1,17068,1,Yes,21,21,No
430,43,Female,Single,10,3,4,2455,0,No,9,8,No
431,49,Female,Single,1,3,3,13964,7,Yes,25,7,No
433,52,Male,Married,8,3,2,4941,2,No,11,8,Yes
434,27,Female,Single,5,3,2,2478,1,Yes,4,4,No
436,32,Female,Married,8,3,2,5228,1,Yes,13,13,No
437,27,Male,Single,2,4,3,4478,1,Yes,5,5,No
438,31,Male,Divorced,7,4,4,7547,4,No,13,7,No
439,32,Female,Single,2,1,4,5055,7,No,10,7,No
440,28,Male,Married,2,1,4,3464,5,Yes,5,3,Yes
441,30,Female,Married,28,4,4,5775,1,No,11,10,No
442,31,Female,Married,7,3,3,8943,1,No,10,10,No
444,39,Male,Married,7,3,4,19272,1,No,21,21,No
445,39,Female,Married,3,4,3,5238,4,Yes,12,1,Yes
446,33,Male,Single,10,2,4,4682,3,No,9,7,No
447,47,Male,Married,5,4,3,18300,4,No,21,3,No
448,43,Female,Divorced,10,3,3,5257,1,No,9,9,No
449,27,Male,Married,1,3,2,6349,0,Yes,6,5,No
450,54,Female,Single,20,4,3,4869,3,No,20,4,No
451,43,Female,Married,7,3,1,9985,8,No,10,1,No
452,45,Male,Married,8,4,4,3697,9,No,12,10,No
453,40,Male,Married,1,2,4,7457,2,Yes,6,4,No
454,29,Male,Married,8,2,1,2119,1,Yes,7,7,Yes
455,29,Male,Single,9,2,4,3983,0,No,4,3,No
456,30,Female,Divorced,5,4,3,6118,1,No,10,10,No
458,27,Female,Married,8,2,2,6214,1,No,8,8,No
460,37,Male,Divorced,5,4,4,6347,7,No,8,6,No
461,38,Male,Divorced,15,3,4,11510,0,Yes,12,11,No
462,31,Female,Single,7,3,4,7143,1,Yes,11,11,No
463,29,Female,Divorced,10,4,2,8268,1,Yes,7,7,No
464,35,Male,Single,5,3,2,8095,0,No,17,16,No
465,23,Male,Divorced,26,3,4,2904,1,No,4,4,No
466,41,Male,Single,6,4,2,6032,6,Yes,8,5,No
467,47,Male,Single,4,2,3,2976,3,No,5,0,No
468,42,Female,Single,23,1,4,15992,2,No,16,1,No
469,29,Male,Married,2,4,3,4649,1,No,4,4,No
470,42,Male,Divorced,2,3,3,2696,0,Yes,4,3,No
471,32,Female,Married,2,3,2,2370,1,No,8,8,No
473,48,Female,Married,29,1,3,12504,3,No,15,0,No
474,37,Male,Divorced,6,3,1,5974,4,Yes,13,7,No
475,30,Female,Married,25,4,3,4736,7,Yes,4,2,No
476,26,Male,Married,1,3,3,5296,1,No,8,8,No
477,42,Male,Single,2,1,4,6781,3,No,14,1,No
478,21,Female,Single,1,1,2,2174,1,Yes,3,3,Yes
479,36,Female,Single,1,4,4,6653,4,No,7,1,No
481,36,Male,Married,3,1,4,9699,4,No,16,13,No
482,57,Male,Married,1,4,3,6755,2,No,15,3,No
483,40,Female,Married,10,4,3,2213,3,Yes,10,7,No
484,21,Male,Single,9,1,4,2610,1,No,3,3,No
485,33,Female,Single,5,4,3,2851,1,Yes,1,1,Yes
486,37,Female,Married,10,3,1,3452,6,No,17,5,No
487,46,Female,Married,7,3,3,5258,2,No,7,1,No
488,41,Male,Single,4,1,2,9355,1,No,8,8,Yes
491,50,Male,Single,10,4,4,10496,6,No,20,4,No
492,40,Male,Married,22,3,3,6380,2,Yes,8,6,Yes
493,31,Male,Single,9,3,2,2657,0,Yes,3,2,No
494,21,Female,Single,12,3,2,2716,1,No,1,1,Yes
495,29,Male,Single,23,4,4,2201,9,No,6,3,No
496,35,Male,Single,9,3,2,6540,9,No,10,1,No
497,27,Male,Divorced,1,4,2,3816,1,No,5,5,No
498,28,Male,Single,9,2,4,5253,1,No,7,7,No
499,49,Male,Single,7,2,3,10965,8,No,26,5,No
500,51,Female,Married,14,3,4,4936,4,No,18,7,No
501,36,Female,Married,2,4,3,2543,4,No,6,2,No
502,34,Male,Single,19,1,4,5304,8,Yes,9,5,Yes
505,55,Female,Single,2,3,4,16659,2,Yes,30,5,No
507,24,Female,Divorced,10,4,3,4260,1,Yes,5,5,No
508,30,Male,Married,2,3,2,2476,1,No,1,1,No
510,26,Male,Single,3,3,1,3102,0,No,7,6,Yes
511,22,Female,Married,11,1,2,2244,1,No,2,2,No
513,36,Male,Married,2,2,3,7596,1,No,10,10,No
514,30,Male,Single,4,3,4,2285,9,Yes,3,1,Yes
515,37,Female,Divorced,14,4,1,3034,1,No,18,18,No
516,40,Female,Divorced,2,4,2,5715,7,No,8,5,No
517,42,Female,Divorced,1,2,1,2576,3,No,8,5,No
518,37,Male,Single,10,3,2,4197,2,Yes,18,1,No
520,43,Male,Divorced,12,1,2,14336,1,No,25,25,No
521,40,Female,Married,2,2,3,3448,6,No,20,1,No
522,54,Male,Married,5,1,1,19406,4,No,24,4,No
523,34,Female,Married,4,3,3,6538,9,No,6,3,No
524,31,Female,Married,7,2,1,4306,1,No,13,13,No
525,43,Male,Married,21,4,4,2258,7,No,8,3,No
526,43,Female,Divorced,8,3,3,4522,4,Yes,8,5,No
527,25,Female,Single,4,2,4,4487,1,Yes,5,5,No
529,37,Female,Married,25,2,3,4449,3,Yes,15,13,No
530,31,Male,Married,1,4,1,2218,1,No,4,4,No
531,39,Male,Divorced,1,2,3,19197,1,Yes,21,21,No
532,56,Female,Married,6,3,1,13212,9,No,36,7,No
533,30,Female,Single,12,2,3,6577,0,No,6,5,No
534,41,Male,Married,1,2,1,8392,1,No,10,10,No
536,28,Male,Divorced,17,3,1,4558,1,No,10,10,No
538,25,Male,Married,3,1,1,4031,5,No,6,2,Yes
543,52,Male,Married,3,4,3,7969,2,Yes,28,5,No
544,45,Male,Married,10,1,4,2654,3,No,8,2,No
546,52,Female,Married,4,4,4,16555,2,No,31,5,No
547,42,Female,Divorced,29,1,3,4556,2,No,19,5,No
548,30,Female,Single,2,3,4,6091,2,No,11,5,No
549,60,Female,Married,7,1,1,19566,5,No,33,29,No
550,46,Female,Divorced,18,3,3,4810,2,No,19,10,No
551,42,Female,Married,28,4,4,4523,0,No,7,6,No
554,24,Female,Single,1,1,2,3202,1,Yes,6,5,Yes
555,34,Female,Divorced,6,4,3,2351,0,No,3,2,Yes
556,38,Male,Married,2,4,4,1702,1,Yes,1,1,No
558,40,Female,Married,2,3,3,18041,0,No,21,20,No
560,26,Female,Divorced,23,1,4,2886,1,No,3,3,No
562,30,Male,Married,3,3,4,2097,4,No,9,5,No
564,29,Male,Married,3,2,3,11935,1,No,10,10,No
565,29,Female,Married,25,3,2,2546,5,No,6,2,Yes
566,19,Male,Single,2,1,4,2564,1,No,1,1,Yes
567,30,Female,Married,22,3,1,8412,0,No,10,9,No
568,57,Male,Divorced,29,1,4,14118,3,No,32,1,No
569,50,Male,Married,29,2,3,17046,0,No,28,27,No
571,30,Female,Single,2,3,4,2564,0,No,12,11,No
573,60,Female,Married,28,3,1,10266,4,No,22,18,No
574,47,Female,Divorced,2,1,4,5070,5,No,20,5,No
575,46,Male,Married,2,1,3,17861,6,No,26,3,No
577,35,Male,Single,22,4,3,4230,0,No,6,5,No
578,54,Female,Single,8,3,3,3780,7,No,19,1,No
579,34,Male,Divorced,2,4,3,2768,3,No,14,7,No
580,46,Female,Married,10,3,4,9071,2,Yes,15,3,No
581,31,Male,Divorced,9,3,2,10648,1,No,13,13,No
582,33,Male,Married,15,2,3,13610,7,Yes,15,7,Yes
584,33,Male,Divorced,10,1,4,3408,7,No,8,4,Yes
585,30,Male,Single,7,4,2,2983,0,No,4,3,No
586,35,Male,Married,16,4,3,7632,4,Yes,10,8,No
587,31,Male,Married,20,1,3,9824,3,No,12,1,Yes
590,34,Female,Divorced,23,2,1,9950,9,Yes,11,3,Yes
591,42,Male,Married,5,2,3,2093,4,No,8,2,No
592,36,Male,Single,10,2,4,9980,1,No,10,10,No
593,22,Male,Single,4,3,3,3894,5,No,4,2,Yes
595,48,Female,Married,2,2,4,4051,2,No,14,9,No
597,55,Female,Single,18,1,2,16835,3,No,37,10,No
599,41,Male,Single,10,4,4,6230,7,No,16,14,No
600,35,Male,Married,1,2,3,4717,9,No,15,11,No
601,40,Female,Single,6,2,3,13237,7,No,22,20,No
602,39,Female,Married,8,3,3,3755,1,No,8,8,No
604,31,Male,Single,2,2,4,6582,4,Yes,10,6,No
605,42,Male,Married,24,4,1,7406,1,Yes,10,10,No
606,45,Male,Married,2,4,2,4805,0,No,9,8,No
608,26,Female,Divorced,17,2,3,2741,0,Yes,8,7,Yes
611,29,Male,Divorced,19,4,4,4262,4,No,8,3,No
612,33,Female,Divorced,1,1,3,16184,4,No,10,6,No
613,31,Male,Divorced,7,3,4,11557,9,No,10,5,No
614,18,Male,Single,5,2,2,1878,1,Yes,0,0,Yes
615,40,Male,Divorced,28,3,1,10932,3,No,20,1,No
616,41,Female,Single,2,1,3,6811,2,Yes,10,8,No
618,26,Male,Divorced,29,1,3,4306,5,No,8,0,No
620,35,Female,Single,1,1,3,4859,1,No,5,5,No
621,34,Male,Single,21,4,4,5337,1,No,10,10,No
622,26,Male,Single,24,3,4,2340,1,Yes,1,1,Yes
623,37,Female,Single,1,2,4,7491,4,No,12,6,No
624,46,Female,Married,18,1,3,10527,5,No,28,2,No
625,41,Female,Married,2,2,1,16595,7,No,22,18,No
626,37,Male,Divorced,9,1,2,8834,1,No,9,9,No
630,52,Male,Divorced,6,4,1,5577,3,Yes,18,10,No
631,32,Male,Married,11,4,3,4707,8,No,6,4,Yes
632,24,Male,Married,24,4,4,2400,0,No,3,2,No
634,38,Female,Married,10,3,3,9824,3,No,18,1,No
635,37,Female,Married,1,2,2,6447,6,No,8,6,No
638,49,Male,Divorced,18,4,3,19502,1,Yes,31,31,No
639,24,Male,Married,23,2,4,2725,1,Yes,6,6,No
641,26,Male,Married,28,1,2,6272,1,No,6,5,No
643,24,Male,Married,17,4,2,2127,1,No,1,1,No
644,50,Male,Married,3,1,2,18200,1,No,32,32,No
645,25,Male,Married,13,2,3,2096,1,No,7,7,No
647,24,Female,Married,7,1,3,2886,1,Yes,6,6,Yes
648,30,Male,Married,12,2,1,2033,1,No,1,1,Yes
649,34,Male,Married,1,2,4,3622,1,Yes,6,6,No
650,31,Male,Divorced,13,2,1,4233,2,No,9,3,Yes
652,35,Male,Single,25,1,4,3681,4,No,9,3,No
653,31,Male,Divorced,6,1,4,5460,4,No,13,7,No
655,27,Female,Divorced,6,1,3,2187,0,No,6,5,No
656,37,Male,Married,2,4,3,9602,4,Yes,17,3,No
657,20,Female,Single,1,4,2,2836,1,No,1,1,No
659,42,Female,Married,2,3,4,4089,1,No,10,10,No
661,43,Male,Divorced,6,2,4,16627,4,Yes,21,1,No
662,38,Female,Single,1,3,1,2619,3,No,8,0,No
663,43,Male,Divorced,9,4,3,5679,3,Yes,10,8,No
664,48,Female,Married,1,4,1,15402,7,No,21,3,No
665,44,Female,Single,1,1,3,5985,4,No,10,2,No
666,34,Female,Divorced,14,3,3,2579,1,Yes,8,8,No
667,27,Male,Divorced,2,3,1,3041,0,No,5,4,Yes
669,21,Male,Single,22,3,3,3447,1,No,3,3,No
671,44,Male,Married,3,4,4,19513,4,Yes,26,2,No
675,22,Male,Married,6,1,3,2773,0,No,3,2,No
677,33,Male,Divorced,8,3,3,7104,0,No,6,5,No
679,32,Female,Married,9,1,4,6322,1,Yes,6,6,No
680,30,Female,Divorced,3,3,3,2083,1,No,1,1,No
682,53,Female,Single,1,4,1,8381,7,No,18,14,No
683,34,Male,Married,1,2,4,2691,1,No,10,10,No
684,45,Female,Married,26,1,1,4286,2,No,5,1,Yes
686,26,Female,Married,6,3,4,2659,1,Yes,3,3,No
689,37,Male,Married,3,3,3,9434,1,No,10,10,No
690,29,Female,Married,3,2,3,5561,1,No,6,6,No
691,35,Male,Single,6,2,4,6646,1,No,17,17,No
692,33,Male,Divorced,6,3,4,7725,3,No,15,13,No
698,54,Male,Married,19,3,2,10725,2,No,16,9,No
699,36,Male,Divorced,9,2,2,8847,2,Yes,13,3,No
700,27,Male,Single,3,1,4,2045,0,No,5,4,No
701,20,Male,Single,10,4,3,1009,1,Yes,1,1,Yes
702,33,Male,Single,3,1,1,3348,1,Yes,10,10,Yes
704,35,Male,Married,3,3,3,1281,1,No,1,1,No
705,23,Male,Married,4,1,1,2819,2,No,5,3,No
707,25,Male,Married,8,4,2,4851,0,No,4,3,No
709,38,Female,Single,7,4,4,4028,0,No,8,7,No
710,29,Male,Divorced,1,2,4,2720,1,No,10,10,No
712,48,Male,Married,2,2,2,8120,3,No,12,2,No
714,27,Female,Divorced,3,4,4,4647,1,Yes,6,6,No
715,37,Male,Single,10,4,4,4680,3,No,4,1,No
716,50,Male,Married,28,4,3,3221,1,Yes,20,20,No
717,34,Female,Single,9,4,2,8621,1,No,9,8,No
720,24,Female,Single,3,1,3,4577,9,No,4,2,Yes
721,39,Female,Single,2,4,3,4553,1,No,20,20,No
722,32,Male,Single,10,4,4,5396,1,No,10,10,No
723,50,Male,Married,8,2,3,6796,3,Yes,18,4,Yes
724,38,Female,Single,1,2,4,7625,0,No,10,9,No
725,27,Female,Married,1,3,1,7412,1,No,9,9,No
727,32,Female,Single,3,3,4,11159,3,No,10,7,No
728,47,Male,Single,14,4,1,4960,2,No,20,7,No
729,40,Male,Married,5,4,1,10475,5,Yes,20,18,No
730,53,Male,Married,7,3,3,14814,3,No,32,5,No
731,41,Male,Divorced,10,2,4,19141,3,No,23,21,No
732,60,Male,Single,16,1,1,5405,8,No,10,2,No
733,27,Male,Divorced,10,4,1,8793,1,No,9,9,No
734,41,Male,Married,1,4,3,19189,1,No,22,22,No
738,50,Male,Married,8,4,2,3875,7,No,4,2,No
741,28,Female,Single,1,1,2,2216,7,Yes,10,7,Yes
742,36,Female,Married,8,1,1,11713,9,No,10,8,No
743,38,Female,Single,1,3,3,7861,4,Yes,10,1,No
744,44,Male,Single,24,1,3,3708,2,No,9,5,No
746,47,Female,Divorced,3,4,3,13770,9,Yes,28,22,No
747,30,Male,Divorced,27,3,4,5304,7,No,10,8,No
749,29,Male,Single,10,3,3,2642,1,No,1,1,No
752,42,Male,Divorced,19,3,3,2759,6,Yes,7,2,Yes
754,43,Male,Married,15,4,4,6804,3,No,7,2,No
757,34,Female,Single,8,2,3,6142,3,No,10,5,No
758,23,Male,Married,9,2,1,2500,1,No,5,4,No
760,39,Female,Married,3,3,2,6389,9,No,12,8,No
762,56,Male,Married,9,3,4,11103,7,No,30,10,No
763,40,Female,Single,2,4,4,2342,0,Yes,5,4,No
764,27,Female,Single,7,4,1,6811,8,No,9,7,No
766,29,Male,Divorced,10,4,2,2297,1,No,2,2,No
769,53,Male,Single,6,4,4,2450,2,No,19,2,No
771,35,Female,Divorced,2,4,1,5093,2,No,16,1,No
772,32,Male,Married,24,1,4,5309,1,No,10,10,No
773,38,Male,Married,2,4,3,3057,6,Yes,6,1,No
775,34,Female,Divorced,8,2,1,5121,3,No,7,0,No
776,52,Male,Married,3,3,1,16856,1,No,34,34,No
780,33,Male,Single,1,4,4,2686,1,Yes,10,10,Yes
781,25,Female,Single,26,3,4,6180,1,No,6,6,No
783,45,Male,Single,2,2,3,6632,0,No,9,8,No
784,23,Male,Single,10,1,3,3505,1,No,2,2,No
785,47,Female,Single,27,2,3,6397,4,Yes,8,5,Yes
786,34,Male,Single,2,4,4,6274,1,No,6,6,No
787,55,Male,Married,2,4,1,19859,5,Yes,24,5,Yes
789,36,Male,Single,8,1,1,7587,1,No,10,10,No
791,52,Male,Married,19,4,4,4258,0,No,5,4,No
792,26,Female,Divorced,1,1,4,4364,3,No,5,2,No
793,29,Female,Married,27,2,3,4335,4,No,11,8,No
796,26,Male,Single,8,4,1,5326,6,No,6,4,Yes
797,34,Female,Single,1,2,4,3280,2,No,10,4,No
799,54,Female,Divorced,19,4,1,5485,9,Yes,9,5,No
800,27,Male,Married,8,3,4,4342,0,No,5,4,No
802,37,Female,Divorced,10,4,1,2782,0,Yes,6,5,No
803,38,Female,Single,2,1,1,5980,6,Yes,17,15,No
804,34,Female,Single,2,3,1,4381,1,No,6,6,No
805,35,Female,Married,8,1,4,2572,1,No,3,3,No
806,30,Male,Married,1,4,3,3833,3,No,7,2,No
807,40,Female,Married,2,3,2,4244,1,No,8,8,No
808,34,Female,Married,8,3,1,6500,5,No,6,3,No
809,42,Male,Divorced,8,2,4,18430,1,No,24,24,No
811,23,Male,Married,6,3,1,1601,1,Yes,1,0,Yes
812,24,Male,Divorced,9,3,2,2694,1,No,1,1,No
813,52,Female,Married,11,4,3,3149,8,No,9,5,No
815,50,Male,Married,2,3,3,17639,5,No,30,4,No
816,29,Female,Married,1,2,1,2319,1,Yes,1,1,Yes
817,33,Male,Married,7,3,3,11691,0,No,14,13,No
819,33,Female,Single,16,1,1,5324,5,No,6,3,Yes
820,47,Female,Married,2,3,4,16752,1,Yes,26,26,No
823,36,Female,Married,1,3,2,5228,0,No,10,9,No
824,29,Male,Married,23,3,3,2700,1,No,10,10,No
825,58,Male,Single,2,4,2,19246,7,Yes,40,31,Yes
826,35,Female,Single,1,4,3,2506,3,No,7,2,No
827,42,Female,Married,1,4,4,6062,9,Yes,8,4,No
828,28,Male,Single,2,3,3,4382,6,No,5,2,Yes
829,36,Male,Married,13,3,2,2143,4,No,8,5,No
830,32,Female,Married,4,3,3,6162,1,No,14,14,No
832,40,Male,Single,16,1,3,5094,6,No,10,1,No
833,30,Female,Single,2,3,4,6877,5,Yes,12,0,No
834,45,Female,Single,2,2,3,2274,1,No,1,1,No
836,42,Male,Married,29,2,2,4434,1,No,10,9,No
837,38,Male,Divorced,12,1,1,6288,2,No,13,4,No
838,34,Female,Single,16,3,4,2553,1,No,6,5,No
840,49,Female,Married,11,3,4,7654,1,No,9,9,Yes
842,55,Male,Single,2,3,4,5160,4,No,12,9,Yes
843,43,Male,Married,14,2,1,17159,6,No,22,4,No
844,27,Male,Divorced,5,3,4,12808,1,Yes,9,9,No
845,35,Male,Single,7,3,3,10221,3,No,17,8,No
846,28,Female,Married,2,2,2,4779,1,Yes,8,8,No
847,34,Male,Married,3,3,4,3737,0,No,4,3,No
848,26,Female,Married,5,3,3,2366,1,Yes,8,8,Yes
850,27,Male,Married,3,4,4,1706,1,No,0,0,No
851,51,Female,Married,26,1,3,16307,2,No,29,20,No
852,44,Male,Single,4,4,2,5933,9,No,10,5,No
854,25,Male,Single,2,1,1,3424,7,No,6,4,No
855,33,Male,Divorced,1,1,1,4037,1,No,9,9,No
856,35,Female,Single,27,3,1,2559,1,No,6,6,No
857,36,Male,Married,1,2,4,6201,1,Yes,18,18,No
859,32,Male,Divorced,13,2,4,4403,2,No,8,5,No
861,30,Male,Divorced,5,2,4,3761,9,No,10,5,No
862,53,Female,Married,7,1,4,10934,7,Yes,35,5,No
864,45,Male,Divorced,9,4,1,10761,4,Yes,18,5,No
865,32,Female,Married,8,3,3,5175,5,No,9,5,No
867,52,Female,Married,25,3,4,13826,3,No,31,9,No
868,37,Male,Divorced,16,4,3,6334,4,No,9,1,No
869,28,Male,Divorced,8,2,4,4936,1,No,6,5,No
872,22,Male,Married,1,4,4,4775,6,No,4,2,No
874,44,Male,Married,8,1,4,2818,2,Yes,10,3,No
875,42,Male,Single,2,2,4,2515,5,Yes,8,2,No
878,36,Male,Married,8,1,1,2342,0,No,6,5,No
879,25,Male,Married,3,3,1,4194,1,Yes,5,5,No
880,35,Female,Married,9,4,3,10685,1,Yes,17,17,No
881,35,Female,Divorced,25,4,2,2022,1,Yes,10,10,Yes
882,32,Male,Divorced,1,4,4,2314,0,No,4,3,No
885,25,Male,Married,4,3,1,4256,1,No,5,5,No
887,49,Female,Married,1,3,1,3580,2,No,7,4,No
888,24,Male,Married,4,1,4,3162,0,No,6,5,No
889,32,Male,Married,5,2,2,6524,1,No,10,10,No
893,38,Male,Married,9,2,2,2899,0,No,3,2,No
894,42,Female,Married,3,3,4,5231,2,Yes,17,5,No
895,31,Male,Married,11,4,4,2356,3,Yes,8,6,No
896,29,Female,Divorced,1,2,3,2800,6,Yes,5,3,Yes
897,53,Male,Married,8,1,4,11836,5,No,28,2,No
899,35,Male,Married,25,4,2,10903,3,No,16,13,No
900,37,Female,Married,21,3,4,2973,5,No,10,5,No
901,53,Female,Single,23,4,4,14275,6,No,33,12,No
902,43,Female,Married,1,4,4,5562,4,No,12,5,No
903,47,Female,Married,2,3,4,4537,0,Yes,8,7,No
904,37,Male,Single,19,1,2,7642,1,Yes,10,10,No
905,50,Male,Divorced,2,1,1,17924,1,No,31,31,No
909,39,Female,Married,2,4,4,5204,8,No,13,5,No
910,33,Male,Divorced,3,4,2,2277,3,Yes,7,4,No
911,32,Male,Single,25,1,4,2795,1,Yes,1,1,Yes
912,29,Female,Divorced,7,1,4,2532,6,No,8,4,No
913,44,Male,Married,9,2,1,2559,1,Yes,8,8,No
916,28,Male,Single,5,1,4,4908,1,No,4,4,No
918,58,Male,Divorced,2,4,4,2380,9,Yes,3,1,Yes
920,43,Female,Divorced,8,1,2,4765,4,No,4,1,No
922,20,Female,Single,2,3,3,2044,1,No,2,2,Yes
923,21,Female,Single,18,4,4,2693,1,No,1,1,Yes
924,36,Male,Married,14,3,4,6586,0,Yes,17,16,No
925,47,Female,Single,2,4,4,3294,1,Yes,3,3,No
926,22,Female,Married,3,2,3,4171,0,Yes,4,3,Yes
927,41,Female,Divorced,2,2,4,2778,4,Yes,10,7,Yes
930,28,Female,Divorced,9,3,3,2377,5,No,6,2,No
932,39,Male,Married,6,4,1,2404,7,Yes,8,2,Yes
933,27,Female,Single,4,2,3,2318,1,No,1,1,No
934,34,Male,Divorced,10,2,2,2008,1,No,1,1,No
936,42,Female,Single,14,3,3,6244,7,No,10,5,No
939,33,Male,Single,1,3,1,2799,3,Yes,6,3,No
940,58,Female,Divorced,5,3,2,10552,2,Yes,24,6,No
941,31,Male,Married,7,2,3,2329,3,No,13,7,No
942,35,Female,Married,21,4,4,4014,1,Yes,10,10,No
944,49,Female,Married,8,1,2,7403,4,No,29,26,No
945,48,Male,Married,20,4,3,2259,4,No,13,0,No
947,31,Female,Married,20,4,3,6932,1,No,9,9,No
949,36,Male,Single,7,2,4,4678,2,No,8,6,No
950,38,Female,Married,1,4,1,13582,1,No,15,15,No
951,32,Female,Married,1,3,2,2332,6,No,5,3,No
952,25,Male,Married,19,3,2,2413,1,Yes,1,1,Yes
954,40,Male,Divorced,10,1,2,9705,2,No,11,1,No
956,26,Male,Single,1,3,1,4294,1,No,7,7,No
957,41,Male,Single,6,4,1,4721,2,Yes,20,18,No
958,36,Male,Single,2,3,3,2519,4,No,16,11,No
959,19,Male,Single,21,4,2,2121,1,Yes,1,1,Yes
960,20,Male,Single,4,1,1,2973,1,No,1,1,Yes
961,31,Female,Married,12,4,4,5855,0,Yes,10,9,No
964,40,Male,Divorced,9,4,2,3617,8,Yes,3,1,No
966,32,Female,Married,3,3,1,6725,1,No,8,8,No
967,36,Male,Married,3,3,4,10325,1,Yes,16,16,Yes
969,33,Female,Single,1,2,4,6949,0,No,6,5,No
970,37,Male,Married,1,1,3,10609,5,No,17,14,Yes
972,45,Male,Married,4,3,2,4447,1,No,9,9,No
974,29,Female,Married,20,3,4,2157,1,No,3,3,No
975,35,Female,Married,18,3,3,4601,1,No,5,5,No
976,52,Male,Married,1,4,4,17099,2,No,26,9,No
977,58,Male,Single,2,4,3,2479,4,No,7,1,Yes
981,53,Male,Divorced,2,3,3,14852,6,No,22,17,No
982,30,Male,Divorced,8,3,3,7264,5,No,10,8,No
983,38,Female,Single,10,3,4,5666,1,Yes,6,5,No
984,35,Male,Divorced,3,4,4,7823,6,No,12,10,No
985,39,Male,Single,2,1,3,7880,0,No,9,8,No
986,40,Female,Single,24,2,2,13194,4,Yes,22,1,Yes
987,47,Male,Divorced,16,3,3,5067,1,Yes,20,19,No
990,36,Male,Divorced,8,1,4,5079,4,No,12,7,No
991,31,Male,Single,9,3,1,2321,0,Yes,4,3,Yes
992,33,Male,Single,17,4,3,17444,1,No,10,10,No
994,29,Female,Single,10,4,1,2404,6,Yes,3,0,Yes
995,33,Female,Single,13,2,4,3452,3,No,5,3,No
996,45,Female,Divorced,1,4,4,2270,3,No,8,5,No
997,50,Male,Divorced,1,4,4,17399,9,No,32,5,No
998,33,Female,Married,1,3,2,5488,1,Yes,6,6,No
999,41,Male,Divorced,9,1,3,19419,2,No,21,18,No
1001,27,Female,Married,16,3,2,2811,9,No,4,2,No
1002,45,Male,Married,23,4,1,3633,1,Yes,9,9,No
1003,47,Female,Single,4,4,4,4163,1,Yes,9,9,No
1004,30,Female,Married,22,1,3,2132,4,Yes,7,5,Yes
1005,50,Male,Married,24,4,3,13973,3,Yes,22,12,No
1006,38,Male,Married,10,3,3,2684,0,No,3,2,No
1007,46,Male,Divorced,7,4,3,10845,6,No,13,8,No
1009,24,Female,Divorced,17,4,3,4377,1,No,5,4,No
1010,35,Male,Divorced,14,3,2,3743,1,Yes,5,4,Yes
1011,31,Female,Married,1,3,1,4148,1,No,4,4,No
1012,18,Male,Single,5,2,4,1051,1,No,0,0,No
1013,54,Female,Married,17,3,3,10739,8,No,22,10,No
1014,35,Female,Divorced,25,3,3,10388,1,Yes,16,16,No
1015,30,Female,Married,8,2,1,11416,0,Yes,9,8,No
1016,20,Female,Single,11,4,1,2600,1,Yes,1,1,Yes
1017,30,Female,Single,5,2,2,2422,0,No,4,3,Yes
1018,26,Male,Married,2,4,4,5472,1,No,8,8,No
1019,22,Male,Married,8,2,1,2451,1,No,4,4,No
1022,48,Male,Single,6,1,3,4240,2,No,19,2,No
1024,48,Male,Single,4,3,3,10999,7,No,27,15,No
1025,41,Female,Single,7,4,3,5003,6,No,8,2,No
1026,39,Female,Married,1,4,4,12742,1,No,21,21,No
1027,27,Female,Married,2,1,4,4227,0,No,4,3,No
1028,35,Male,Divorced,10,2,4,3917,1,No,3,3,No
1029,42,Male,Married,5,4,3,18303,6,No,21,1,No
1030,50,Male,Married,9,1,4,2380,4,No,8,1,No
1032,59,Female,Single,2,3,4,13726,3,Yes,30,5,No
1033,37,Female,Married,11,1,2,4777,5,No,15,1,Yes
1034,55,Male,Married,18,3,2,6385,3,Yes,17,8,No
1035,41,Female,Divorced,7,2,3,19973,1,No,21,21,No
1036,38,Male,Single,3,2,4,6861,8,Yes,19,1,No
1037,26,Male,Single,29,2,1,4969,8,No,7,2,Yes
1038,52,Female,Married,2,1,4,19845,1,No,33,32,Yes
1039,44,Female,Married,28,4,4,13320,3,Yes,23,12,No
1040,50,Female,Married,1,4,3,6347,0,No,19,18,No
1042,36,Female,Single,16,3,1,2743,1,No,18,17,Yes
1043,39,Female,Single,22,4,1,10880,1,Yes,21,21,No
1044,33,Female,Single,8,2,4,2342,0,No,3,2,No
1045,45,Female,Married,11,4,4,17650,3,No,26,9,No
1046,32,Female,Single,29,4,3,4025,9,No,10,8,No
1047,34,Male,Divorced,1,2,4,9725,0,No,16,15,No
1048,59,Male,Married,1,2,4,11904,3,Yes,14,6,No
1049,45,Male,Single,24,2,2,2177,1,No,6,6,No
1050,53,Female,Married,2,3,2,7525,2,No,30,15,No
1052,36,Male,Divorced,15,1,3,4834,7,No,9,1,Yes
1053,26,Male,Married,2,1,1,2042,6,Yes,6,3,Yes
1055,34,Female,Married,10,3,3,2220,1,Yes,1,1,No
1056,28,Male,Married,10,4,2,1052,1,No,1,1,No
1060,38,Male,Married,3,3,3,2821,3,No,8,2,No
1061,50,Male,Married,2,2,3,19237,2,Yes,29,8,No
1062,37,Female,Single,3,4,2,4107,3,No,8,4,No
1066,40,Male,Married,26,3,1,8396,1,No,8,7,No
1068,26,Female,Divorced,1,1,3,2007,1,No,5,5,No
1069,46,Male,Divorced,1,4,4,19627,9,No,23,2,No
1070,54,Female,Married,2,3,3,10686,6,No,13,9,No
1071,56,Female,Married,9,1,3,2942,2,No,18,5,No
1073,36,Female,Single,12,4,4,8858,0,No,15,14,No
1074,55,Male,Single,2,3,1,16756,7,No,31,9,No
1076,43,Male,Divorced,25,3,4,10798,5,No,18,1,No
1077,20,Female,Single,9,4,4,2323,1,Yes,2,2,Yes
1079,21,Female,Single,10,3,1,1416,1,No,1,1,Yes
1080,46,Female,Divorced,8,4,1,4615,8,Yes,19,16,No
1081,51,Male,Married,4,1,3,2461,9,Yes,18,10,Yes
1082,28,Male,Single,24,2,1,8722,1,No,10,10,Yes
1083,26,Male,Married,1,1,1,3955,1,No,6,5,No
1084,30,Male,Married,20,3,1,9957,0,No,7,6,No
1085,41,Female,Married,7,2,3,3376,1,No,10,10,No
1088,38,Female,Married,17,3,3,8823,0,No,20,19,No
1092,40,Male,Married,20,1,4,10322,4,No,14,11,No
1094,27,Male,Married,8,1,3,4621,1,No,3,3,No
1096,55,Male,Married,2,4,2,10976,3,No,23,3,No
1097,28,Female,Single,10,3,3,3660,3,No,10,8,No
1098,44,Male,Married,1,2,1,10482,9,No,24,20,Yes
1099,33,Male,Divorced,5,4,4,7119,4,No,9,3,No
1100,35,Male,Single,4,4,1,9582,0,Yes,9,8,Yes
1101,33,Female,Single,29,1,3,4508,1,No,14,13,Yes
1102,28,Male,Divorced,15,1,3,2207,1,No,4,4,No
1103,34,Male,Single,3,1,4,7756,0,No,7,6,No
1105,37,Female,Divorced,10,4,4,6694,2,Yes,8,1,No
1106,25,Male,Married,4,4,4,3691,1,Yes,7,7,Yes
1107,26,Male,Divorced,21,1,3,2377,1,No,1,1,Yes
1108,33,Male,Single,25,1,2,2313,4,Yes,5,2,Yes
1109,42,Male,Married,2,4,1,17665,0,No,23,22,No
1111,28,Male,Divorced,1,1,2,2596,1,No,1,1,Yes
1113,50,Male,Single,1,4,3,4728,3,Yes,5,0,Yes
1114,33,Female,Married,7,4,2,4302,0,No,4,3,No
1115,34,Male,Married,3,3,4,2979,3,No,6,0,No
1116,48,Male,Single,1,1,4,16885,2,No,27,5,No
1117,45,Female,Married,9,2,3,5593,1,No,15,15,No
1118,52,Male,Single,7,2,2,10445,7,No,18,8,No
1119,38,Male,Divorced,10,3,3,8740,0,Yes,9,8,No
1120,29,Female,Divorced,28,3,4,2514,4,No,11,7,No
1121,28,Female,Divorced,3,4,2,7655,0,No,10,9,No
1124,46,Male,Married,3,1,3,17465,3,No,23,12,No
1125,38,Male,Single,2,4,2,7351,7,No,10,1,No
1126,43,Female,Married,27,3,1,10820,8,No,18,8,No
1127,39,Male,Divorced,2,1,4,12169,7,No,21,18,Yes
1128,40,Male,Single,14,3,3,19626,1,No,21,20,No
1131,21,Female,Single,1,4,2,2070,1,Yes,2,2,No
1132,39,Male,Single,9,3,2,6782,9,No,9,5,No
1133,36,Male,Single,18,1,4,7779,2,No,18,11,No
1135,31,Male,Married,20,3,4,2791,0,No,3,2,No
1136,28,Male,Married,2,1,2,3201,0,No,6,5,No
1137,35,Male,Divorced,11,4,4,4968,1,No,5,5,No
1138,49,Male,Married,8,4,2,13120,6,No,22,9,No
1140,34,Male,Single,2,4,3,4033,2,No,5,3,No
1143,29,Female,Divorced,10,4,2,3291,0,No,8,7,No
1148,42,Male,Single,29,2,4,4272,4,No,16,1,No
1150,29,Male,Married,8,2,4,5056,1,Yes,10,10,No
1152,38,Male,Married,1,3,3,2844,1,No,7,7,No
1154,28,Male,Divorced,6,3,3,2703,1,Yes,3,3,No
1156,18,Male,Single,8,3,3,1904,1,No,0,0,Yes
1157,33,Female,Single,9,1,1,8224,0,Yes,6,5,Yes
1158,41,Male,Married,12,2,4,4766,3,Yes,6,1,No
1160,31,Male,Married,15,3,3,2610,1,No,2,2,Yes
1161,37,Female,Divorced,25,3,4,5731,7,No,9,6,No
1162,27,Male,Married,6,4,3,2539,1,No,4,4,No
1163,34,Female,Married,9,2,3,5714,1,No,6,6,No
1164,35,Male,Single,8,3,3,4323,1,No,6,5,No
1165,29,Female,Married,23,4,1,7336,1,No,11,11,Yes
1166,40,Female,Single,9,2,3,13499,9,No,20,18,No
1167,42,Male,Single,12,3,1,13758,0,Yes,22,21,Yes
1171,42,Male,Single,4,2,1,5155,7,No,9,6,No
1172,35,Male,Married,1,4,3,2258,6,No,10,8,No
1173,24,Male,Single,24,4,2,3597,8,No,6,4,No
1175,28,Female,Married,12,3,4,2515,1,Yes,1,1,Yes
1177,26,Male,Married,3,1,4,4420,1,No,8,8,No
1179,30,Male,Married,10,3,3,6578,1,No,10,10,No
1180,40,Female,Married,26,3,4,4422,3,Yes,16,1,No
1182,35,Male,Divorced,2,3,2,10274,2,No,15,7,No
1184,34,Male,Single,1,4,1,5343,0,No,14,13,No
1185,35,Male,Married,4,4,4,2376,1,No,2,2,No
1188,43,Female,Single,9,1,3,5346,8,No,7,4,Yes
1190,32,Female,Divorced,2,3,1,2827,1,No,1,1,No
1191,56,Female,Divorced,4,4,1,19943,4,No,28,5,No
1192,29,Female,Married,6,2,4,3131,1,No,10,10,No
1193,19,Male,Single,9,3,1,2552,1,No,1,1,No
1195,45,Female,Married,7,1,3,4477,4,Yes,7,3,No
1196,37,Female,Married,1,4,4,6474,1,No,14,14,No
1198,20,Male,Single,3,1,3,3033,1,No,2,2,No
1200,44,Male,Single,10,3,3,2936,1,Yes,6,6,Yes
1201,53,Female,Divorced,7,4,3,18606,3,No,26,7,No
1202,29,Female,Married,15,2,4,2168,0,Yes,6,5,No
1203,22,Male,Married,3,3,4,2853,0,Yes,1,0,Yes
1204,46,Female,Married,2,3,1,17048,8,No,28,26,No
1206,44,Male,Single,17,4,3,2290,2,No,6,0,No
1207,33,Male,Married,2,2,3,3600,1,No,5,5,No
1210,41,Male,Divorced,5,1,1,2107,6,No,5,1,Yes
1211,30,Male,Divorced,29,3,1,4115,8,No,8,4,No
1212,40,Male,Married,2,2,2,4327,5,No,5,0,No
1215,50,Female,Married,2,4,1,17856,2,No,32,2,No
1216,28,Male,Married,19,4,1,3196,1,No,6,6,No
1217,46,Male,Married,15,4,2,19081,5,No,25,4,No
1218,35,Male,Married,17,3,1,8966,3,Yes,15,7,No
1219,24,Female,Married,17,4,2,2210,1,No,1,1,Yes
1220,33,Female,Married,25,2,3,4539,1,No,10,10,No
1221,36,Male,Divorced,6,3,3,2741,1,No,7,7,No
1224,30,Male,Divorced,7,3,3,3491,1,No,10,10,No
1225,44,Male,Single,29,4,4,4541,1,No,20,20,No
1226,20,Male,Single,21,3,4,2678,1,No,2,2,No
1228,46,Male,Divorced,2,4,4,7379,2,No,12,6,No
1231,42,Male,Married,2,4,1,6272,7,No,10,4,No
1233,60,Male,Divorced,7,2,4,5220,0,Yes,12,11,No
1234,32,Female,Married,13,3,2,2743,1,No,2,2,No
1235,32,Female,Single,2,4,3,4998,4,Yes,10,8,No
1237,36,Female,Divorced,1,3,1,10252,2,Yes,17,7,No
1238,33,Male,Married,9,1,4,2781,0,No,15,14,No
1239,40,Female,Divorced,10,2,2,6852,7,No,7,5,No
1240,25,Male,Single,10,3,4,4950,0,No,5,4,No
1241,30,Male,Married,1,4,2,3579,0,Yes,12,11,No
1242,42,Female,Married,26,1,1,13191,3,Yes,20,1,No
1243,35,Female,Married,8,3,4,10377,4,Yes,16,13,No
1244,27,Male,Married,14,1,1,2235,1,Yes,9,9,No
1245,54,Female,Divorced,1,4,3,10502,7,No,33,5,No
1246,44,Female,Married,2,1,4,2011,1,No,10,10,No
1248,19,Female,Single,10,1,2,1859,1,Yes,1,1,Yes
1249,29,Female,Divorced,1,1,4,3760,1,No,3,3,No
1250,54,Male,Married,3,4,4,17779,3,No,36,10,No
1251,31,Male,Married,11,3,1,6833,1,Yes,6,6,No
1252,31,Female,Single,24,3,1,6812,1,No,10,10,No
1254,59,Female,Single,3,3,4,5171,5,No,13,6,No
1255,43,Male,Married,3,3,4,19740,3,No,25,8,No
1256,49,Male,Married,4,1,3,18711,2,No,23,1,No
1257,36,Male,Married,3,3,2,3692,1,No,12,11,No
1258,48,Male,Single,2,4,2,2559,5,No,7,1,No
1259,27,Male,Divorced,4,1,3,2517,1,No,5,5,No
1260,29,Male,Divorced,7,3,4,6623,1,Yes,6,6,No
1263,48,Male,Single,1,4,4,18265,6,No,25,1,No
1264,29,Female,Divorced,1,4,4,16124,3,No,9,7,No
1265,34,Female,Married,20,3,3,2585,0,No,2,1,No
1267,44,Male,Married,5,2,2,18213,7,No,26,22,No
1268,33,Male,Divorced,10,4,3,8380,0,Yes,10,9,No
1269,19,Female,Single,25,2,4,2994,1,Yes,1,1,No
1270,23,Male,Married,1,4,3,1223,1,No,1,1,No
1273,25,Male,Single,24,3,4,1118,1,Yes,1,1,Yes
1275,26,Male,Single,4,3,4,2875,1,Yes,8,8,No
1277,45,Female,Single,2,1,2,18824,2,Yes,26,24,Yes
1278,55,Male,Divorced,8,4,2,13577,1,Yes,34,33,No
1279,21,Female,Single,10,1,3,2625,1,No,2,2,Yes
1280,46,Female,Married,4,4,2,18789,2,No,26,11,No
1281,34,Female,Single,2,3,1,4538,0,Yes,4,3,No
1282,51,Male,Divorced,9,4,2,19847,4,Yes,31,29,No
1283,59,Male,Single,18,4,4,10512,6,No,25,9,No
1285,34,Female,Divorced,19,3,2,4444,4,No,15,11,No
1286,28,Male,Single,1,4,3,2154,0,Yes,5,4,No
1288,44,Male,Divorced,4,3,1,19190,1,No,26,25,No
1289,34,Male,Married,11,3,2,4490,4,No,14,10,No
1291,35,Male,Married,6,3,3,3506,0,Yes,4,3,No
1292,42,Female,Married,7,2,2,2372,6,Yes,18,1,No
1293,43,Female,Single,4,4,4,10231,3,No,23,21,No
1294,36,Female,Single,2,3,2,5410,9,Yes,18,16,No
1295,44,Female,Married,15,1,4,7978,1,No,10,10,Yes
1296,28,Male,Married,2,4,4,3867,1,Yes,2,2,No
1297,51,Female,Single,6,2,3,2838,0,No,8,7,No
1298,30,Female,Single,9,3,3,4695,7,Yes,10,8,No
1299,29,Female,Divorced,7,2,3,3339,3,Yes,10,7,Yes
1301,28,Male,Single,1,4,1,2080,2,No,5,3,No
1303,25,Female,Single,1,4,2,2096,1,No,2,2,No
1304,32,Male,Married,8,3,4,6209,1,No,10,10,No
1306,45,Female,Single,25,2,2,18061,3,No,22,0,No
1307,39,Female,Divorced,13,3,2,17123,6,Yes,21,19,No
1308,58,Male,Divorced,23,1,3,2372,1,No,2,2,No
1309,32,Male,Married,7,4,3,4883,1,No,10,10,Yes
1310,39,Male,Single,23,3,1,3904,0,No,6,5,Yes
1311,30,Female,Married,6,1,4,4627,0,No,10,9,No
1312,36,Female,Married,10,4,3,7094,3,No,10,7,No
1314,46,Female,Single,1,4,1,3423,6,No,10,7,No
1315,28,Female,Married,1,3,4,6674,0,No,10,9,No
1317,50,Female,Married,28,4,1,16880,4,Yes,25,3,No
1318,40,Male,Single,25,4,2,9094,2,Yes,9,5,Yes
1319,52,Male,Single,5,2,2,8446,9,Yes,10,8,Yes
1321,30,Female,Married,17,2,1,11916,1,Yes,9,9,No
1322,39,Male,Single,18,1,3,4534,0,No,9,8,No
1324,31,Female,Divorced,2,4,3,9852,1,Yes,10,10,No
1329,41,Male,Single,10,3,2,6151,1,No,19,19,No
1331,31,Female,Single,1,4,2,2302,1,Yes,3,3,Yes
1333,44,Male,Married,3,1,1,2362,4,No,10,3,Yes
1334,42,Male,Married,2,3,3,17861,0,Yes,21,20,No
1336,55,Female,Married,2,4,3,19187,4,No,23,19,No
1338,56,Male,Single,8,4,2,19717,6,No,36,7,No
1340,40,Male,Divorced,16,3,3,3544,9,No,6,4,No
1344,34,Male,Divorced,9,4,4,8500,0,No,10,9,No
1346,40,Male,Single,2,3,4,4661,1,No,9,9,No
1349,41,Female,Divorced,1,3,1,4103,0,No,10,9,No
1350,35,Male,Single,4,3,3,4249,1,Yes,9,9,No
1352,51,Male,Divorced,5,3,2,14026,1,Yes,33,33,No
1355,38,Female,Divorced,2,2,1,6893,3,No,11,7,No
1356,34,Female,Single,15,3,1,6125,1,No,10,10,No
1358,25,Male,Married,19,4,4,3669,3,No,7,3,No
1360,58,Female,Married,7,3,1,10008,7,Yes,31,10,Yes
1361,40,Male,Married,1,2,2,2387,3,No,7,4,No
1362,36,Female,Married,7,1,1,4639,2,No,17,15,No
1363,48,Male,Single,4,4,4,7898,1,No,11,10,No
1364,27,Female,Married,11,3,4,2534,8,No,5,1,No
1367,51,Female,Single,11,4,2,13142,3,No,29,5,No
1368,18,Female,Single,1,4,4,1611,1,No,0,0,No
1369,35,Female,Married,1,4,4,5363,0,No,10,9,No
1371,27,Male,Single,2,4,4,5071,3,No,8,6,No
1372,55,Male,Single,13,1,3,13695,6,Yes,24,19,Yes
1373,56,Male,Married,23,4,2,13402,4,Yes,33,19,No
1374,34,Female,Divorced,26,1,3,2029,1,No,5,5,No
1375,40,Female,Divorced,2,2,3,6377,5,No,15,12,No
1377,34,Male,Married,29,2,3,5429,4,No,10,8,No
1379,31,Female,Single,2,3,4,2785,7,No,3,1,Yes
1380,35,Female,Married,18,4,3,4614,0,Yes,5,4,Yes
1382,38,Male,Divorced,7,4,3,2610,1,No,4,4,No
1383,34,Female,Single,2,3,4,6687,1,No,14,14,No
1387,28,Male,Married,26,3,1,4724,1,No,5,5,No
1389,31,Male,Married,22,4,3,6179,1,Yes,10,10,Yes
1390,39,Male,Married,21,1,4,6120,3,Yes,8,5,No
1391,51,Male,Married,2,2,2,10596,2,No,14,4,No
1392,41,Female,Divorced,22,4,4,5467,3,Yes,12,6,No
1394,37,Male,Married,4,3,3,2996,7,Yes,8,6,No
1395,33,Male,Married,5,2,4,9998,6,No,8,5,No
1396,32,Male,Married,2,3,2,4078,0,Yes,4,3,No
1397,39,Male,Married,25,3,3,10920,3,No,13,6,No
1399,25,Male,Married,18,1,3,6232,2,No,6,3,No
1401,52,Female,Married,28,4,3,13247,2,Yes,24,5,No
1402,43,Female,Single,6,1,3,4081,1,Yes,20,20,No
1403,27,Female,Married,10,4,4,5769,1,Yes,6,6,No
1405,27,Female,Single,17,4,3,2394,1,Yes,8,8,Yes
1407,26,Male,Single,2,1,4,3904,0,No,5,4,No
1408,42,Female,Married,10,3,1,16799,0,No,21,20,No
1409,52,Female,Married,8,3,1,2950,9,No,12,5,No
1411,37,Female,Single,11,1,3,3629,4,No,8,3,No
1412,35,Male,Single,18,3,4,9362,2,No,10,2,No
1415,25,Male,Married,1,1,4,3229,4,No,7,3,No
1417,26,Male,Single,7,3,1,3578,0,No,8,7,No
1419,29,Male,Single,17,2,1,7988,1,No,10,10,No
1420,49,Male,Single,28,1,1,4284,3,No,20,4,Yes
1421,29,Female,Single,14,3,4,7553,0,Yes,9,8,Yes
1422,54,Female,Single,1,4,4,17328,6,No,29,20,No
1423,58,Female,Married,1,4,1,19701,3,Yes,32,9,No
1424,55,Male,Divorced,1,2,4,14732,2,No,31,7,No
1425,36,Female,Single,3,1,2,9278,3,Yes,15,5,No
1427,31,Female,Single,1,2,3,1359,1,No,1,1,Yes
1428,30,Female,Divorced,7,4,1,4779,7,No,8,3,No
1430,31,Female,Single,8,1,2,16422,3,No,9,3,No
1431,34,Male,Divorced,1,4,1,2996,5,No,10,4,No
1433,31,Female,Single,8,1,2,1261,1,No,1,1,Yes
1434,27,Male,Married,11,2,1,2099,0,No,6,5,No
1435,36,Male,Single,4,1,4,5810,1,No,10,10,No
1436,36,Female,Married,16,3,1,5647,4,No,11,3,No
1438,47,Male,Married,1,1,4,3420,7,No,17,6,No
1439,25,Male,Married,9,1,1,4400,3,No,6,3,Yes
1440,37,Male,Single,5,3,3,3500,0,No,7,6,No
1441,56,Female,Married,1,1,1,2066,2,No,5,3,No
1443,47,Female,Married,2,1,3,17169,3,No,26,20,No
1445,24,Female,Married,4,4,3,4162,1,Yes,5,5,No
1446,32,Male,Married,7,4,4,9204,4,No,7,4,No
1447,34,Female,Married,1,4,2,3294,5,No,7,5,No
1448,41,Male,Married,5,2,3,2127,2,Yes,7,4,No
1449,40,Male,Divorced,9,3,3,3975,3,No,11,8,No
1453,31,Male,Divorced,8,1,4,10793,1,No,13,13,No
1457,46,Male,Divorced,9,1,4,10096,4,No,28,7,Yes
1458,39,Female,Single,2,1,1,3646,2,Yes,11,1,Yes
1459,31,Female,Single,1,3,2,7446,1,No,10,10,Yes
1460,45,Male,Divorced,20,2,1,10851,2,Yes,24,7,No
1461,31,Female,Single,8,4,2,2109,9,No,8,3,No
1464,31,Male,Married,2,2,4,3722,6,Yes,7,2,Yes
1465,45,Male,Married,29,2,4,9380,4,Yes,10,3,No
1466,48,Male,Divorced,7,3,1,5486,4,No,15,2,No
1467,34,Female,Married,9,1,3,2742,1,No,2,2,Yes
1468,40,Male,Divorced,8,4,2,13757,2,No,16,9,No
1469,28,Male,Single,5,4,1,8463,0,No,6,5,No
1471,44,Male,Single,5,3,3,3162,3,No,7,5,No
1472,53,Male,Single,2,4,2,16598,4,No,35,9,No
1473,49,Male,Married,5,1,3,6651,2,No,20,3,No
1474,40,Male,Divorced,2,3,3,2345,2,No,8,3,No
1475,44,Male,Single,20,4,2,3420,1,No,6,5,No
1477,33,Male,Married,7,4,1,4373,0,No,5,4,No
1478,34,Male,Single,3,4,1,4759,3,No,15,13,No
1479,30,Male,Married,16,4,3,5301,8,No,4,2,No
1480,42,Female,Single,9,1,4,3673,1,No,12,12,No
1481,44,Female,Married,1,1,3,4768,7,No,11,1,No
1482,30,Male,Divorced,7,3,3,1274,1,No,1,1,No
1483,57,Male,Married,1,2,3,4900,0,No,13,12,No
1484,49,Male,Divorced,7,3,2,10466,3,No,29,8,No
1485,34,Male,Divorced,15,2,1,17007,7,No,16,14,No
1486,28,Male,Married,1,1,3,2909,3,No,5,3,Yes
1487,29,Female,Single,13,1,2,5765,5,No,7,5,Yes
1489,34,Female,Single,24,1,2,4599,0,Yes,16,15,Yes
1492,35,Male,Married,7,4,3,2404,1,No,1,1,No
1494,24,Male,Single,9,2,1,3172,2,Yes,4,0,Yes
1495,24,Female,Married,13,4,2,2033,1,No,1,1,No
1496,44,Male,Single,2,2,3,10209,5,Yes,16,2,No
1497,29,Male,Divorced,19,3,3,8620,1,No,10,10,No
1499,30,Male,Divorced,1,3,3,2064,0,No,6,5,No
1501,55,Male,Married,4,4,3,4035,0,Yes,4,3,No
1502,33,Female,Married,4,1,2,3838,8,No,8,5,No
1503,47,Female,Married,14,3,3,4591,3,Yes,11,5,No
1504,28,Male,Single,2,3,1,2561,7,No,8,0,Yes
1506,28,Male,Divorced,1,1,3,1563,1,No,1,1,No
1507,28,Male,Single,7,3,1,4898,0,No,5,4,No
1509,49,Female,Married,3,3,1,4789,4,No,10,3,No
1513,29,Female,Married,2,4,2,3180,0,No,4,3,No
1514,28,Male,Married,29,3,2,6549,1,No,8,8,No
1515,33,Male,Single,8,4,3,6388,2,Yes,14,0,No
1516,32,Male,Single,10,3,4,11244,2,No,10,5,No
1520,54,Female,Divorced,11,2,4,16032,3,No,26,14,No
1522,29,Male,Single,1,1,1,2362,6,No,11,9,Yes
1523,44,Male,Married,28,4,1,16328,3,No,24,20,No
1525,39,Female,Single,6,2,2,8376,4,No,9,2,No
1527,46,Female,Married,3,3,2,16606,8,No,23,13,No
1529,35,Female,Single,16,4,2,8606,1,No,11,11,No
1533,23,Male,Single,20,1,3,2272,0,No,5,4,No
1534,40,Male,Single,9,4,1,2018,3,No,15,5,Yes
1535,34,Male,Married,1,4,3,7083,1,Yes,10,10,No
1537,31,Female,Single,3,4,3,4084,1,No,7,7,Yes
1539,50,Male,Single,22,3,4,14411,1,Yes,32,32,No
1541,34,Male,Married,7,2,3,2308,0,Yes,12,11,No
1542,42,Male,Married,2,3,2,4841,4,No,4,1,No
1543,37,Male,Married,13,1,4,4285,1,No,10,10,No
1544,29,Female,Married,8,3,1,9715,3,No,9,7,No
1545,33,Male,Single,25,4,2,4320,1,No,5,5,No
1546,45,Male,Married,28,4,4,2132,4,No,8,5,No
1547,42,Male,Married,2,4,4,10124,2,Yes,24,20,No
1548,40,Male,Married,9,1,1,5473,0,No,9,8,No
1549,33,Male,Married,28,2,3,5207,1,Yes,15,15,No
1550,40,Male,Single,6,3,4,16437,1,Yes,21,21,No
1551,24,Male,Divorced,21,3,1,2296,0,No,2,1,No
1552,40,Male,Divorced,8,4,4,4069,3,Yes,8,2,No
1553,45,Male,Divorced,1,1,2,7441,1,No,10,10,No
1554,35,Female,Married,28,2,3,2430,0,No,6,5,No
1555,32,Female,Married,5,4,2,5878,3,No,12,7,No
1556,36,Male,Single,2,3,4,2644,3,Yes,7,3,No
1557,48,Female,Divorced,16,3,3,6439,8,No,18,8,No
1558,29,Male,Married,9,3,3,2451,6,No,5,1,No
1560,33,Male,Married,8,1,1,6392,2,No,8,2,No
1562,30,Male,Married,1,2,1,9714,1,No,10,10,Yes
1563,38,Male,Married,10,3,3,6077,3,No,10,6,No
1564,35,Male,Single,1,4,1,2450,1,No,3,3,No
1568,30,Male,Married,29,3,2,9250,3,No,9,4,No
1569,35,Female,Divorced,2,1,1,2074,1,Yes,1,1,Yes
1572,53,Female,Married,2,3,4,10169,0,No,34,33,Yes
1573,38,Male,Married,2,3,2,4855,4,No,7,5,Yes
1574,32,Male,Married,1,4,1,4087,4,No,9,6,No
1576,48,Female,Married,15,3,1,2367,8,No,10,8,No
1577,34,Male,Single,7,1,4,2972,1,No,1,1,No
1578,55,Male,Married,26,3,4,19586,1,No,36,36,No
1580,34,Male,Married,1,2,4,5484,9,No,9,2,No
1581,26,Female,Married,3,1,4,2061,1,No,1,1,No
1582,38,Male,Married,14,3,2,9924,0,No,10,9,No
1583,38,Female,Single,16,2,2,4198,2,No,8,3,No
1585,36,Female,Single,1,2,3,6815,6,No,15,1,No
1586,29,Male,Single,3,2,1,4723,1,Yes,10,10,No
1587,35,Female,Single,10,1,3,6142,3,Yes,10,5,No
1588,39,Male,Married,6,4,3,8237,2,No,11,7,No
1590,29,Male,Divorced,2,1,4,8853,1,No,6,6,No
1591,50,Male,Married,9,3,3,19331,4,Yes,27,1,No
1592,23,Male,Married,10,4,3,2073,2,No,4,2,No
1594,36,Male,Married,6,1,1,5562,3,Yes,9,3,No
1595,42,Male,Single,9,4,4,19613,8,No,24,1,No
1596,35,Male,Married,28,2,3,3407,1,No,10,10,No
1597,34,Male,Married,10,4,3,5063,1,No,8,8,No
1598,40,Female,Married,14,4,1,4639,1,No,5,5,No
1599,43,Male,Divorced,27,4,2,4876,5,No,8,6,No
1601,35,Male,Married,7,3,4,2690,1,No,1,1,No
1602,46,Male,Single,1,4,1,17567,1,No,27,26,No
1604,28,Male,Married,24,3,2,2408,1,Yes,1,1,Yes
1605,22,Female,Married,26,2,3,2814,1,Yes,4,4,No
1606,50,Male,Married,20,2,3,11245,2,Yes,32,30,No
1607,32,Female,Married,5,2,4,3312,3,No,6,3,No
1608,44,Female,Divorced,7,2,4,19049,0,Yes,23,22,No
1609,30,Male,Married,7,2,2,2141,1,No,6,6,No
1611,45,Female,Single,5,3,1,5769,1,Yes,10,10,No
1612,45,Male,Married,26,1,1,4385,1,No,10,10,No
1613,31,Male,Single,2,4,1,5332,7,No,10,5,No
1614,36,Female,Married,12,3,3,4663,9,Yes,7,3,No
1615,34,Male,Divorced,10,3,4,4724,1,No,9,9,No
1617,49,Female,Married,25,3,1,3211,1,No,10,9,No
1618,39,Male,Married,10,2,1,5377,2,No,10,7,No
1619,27,Male,Divorced,19,4,1,4066,1,No,7,7,No
1621,35,Male,Married,18,2,1,5208,1,No,16,16,No
1622,28,Female,Divorced,27,2,1,4877,0,No,6,5,No
1623,21,Male,Single,5,3,4,3117,1,No,3,2,No
1624,18,Female,Single,3,2,4,1569,1,Yes,0,0,Yes
1625,47,Female,Married,26,4,3,19658,3,No,27,5,No
1627,39,Male,Divorced,3,3,3,3069,0,No,11,10,No
1628,40,Female,Married,15,1,3,10435,1,No,18,18,No
1630,35,Female,Married,8,3,3,4148,1,No,15,14,No
1631,37,Male,Married,19,3,3,5768,3,No,9,4,No
1633,39,Female,Single,4,1,3,5042,0,No,10,9,No
1635,45,Female,Divorced,2,4,4,5770,1,No,10,10,No
1638,38,Female,Married,2,4,3,7756,3,Yes,10,5,No
1639,35,Male,Married,10,4,1,10306,9,No,15,13,Yes
1640,37,Female,Married,10,2,2,3936,1,No,8,8,No
1641,40,Female,Single,16,3,4,7945,6,Yes,18,4,No
1642,44,Male,Married,1,1,4,5743,4,Yes,14,10,No
1644,48,Male,Married,4,3,4,15202,2,No,23,2,No
1645,35,Male,Divorced,15,1,4,5440,6,Yes,7,2,Yes
1646,24,Female,Single,2,1,4,3760,1,Yes,6,6,No
1647,27,Female,Married,8,2,3,3517,7,No,5,3,No
1648,27,Male,Single,2,4,4,2580,2,No,6,4,No
1649,40,Male,Single,7,1,1,2166,3,Yes,10,4,Yes
1650,29,Male,Single,10,3,3,5869,9,No,8,5,No
1651,36,Female,Married,5,2,1,8008,4,No,9,3,No
1653,25,Male,Divorced,2,4,3,5206,1,No,7,7,No
1654,39,Male,Married,12,4,2,5295,4,No,7,5,No
1655,49,Female,Married,22,1,2,16413,3,No,27,4,No
1656,50,Female,Divorced,17,4,1,13269,5,No,19,14,No
1657,20,Female,Single,2,3,3,2783,1,No,2,2,No
1658,34,Female,Divorced,3,4,2,5433,1,No,11,11,No
1659,36,Male,Single,7,1,2,2013,2,No,15,4,No
1661,49,Female,Married,6,3,3,13966,2,Yes,30,15,No
1662,36,Female,Married,1,4,3,4374,0,No,4,3,No
1664,36,Male,Divorced,3,4,1,6842,6,No,13,5,No
1665,54,Female,Married,22,2,3,17426,3,No,36,10,No
1666,43,Male,Married,15,3,3,17603,1,No,14,14,No
1667,35,Male,Single,12,4,4,4581,3,Yes,13,11,Yes
1668,38,Male,Married,1,4,4,4735,7,No,19,13,No
1669,29,Male,Divorced,5,1,2,4187,1,Yes,10,10,No
1670,33,Male,Divorced,2,4,4,5505,1,No,6,6,No
1671,32,Male,Divorced,2,4,2,5470,0,No,10,9,No
1673,31,Female,Married,5,1,4,5476,1,No,10,10,No
1674,49,Female,Divorced,16,4,1,2587,4,Yes,17,2,No
1675,38,Female,Single,2,4,2,2440,1,No,4,4,No
1676,47,Female,Divorced,2,2,2,15972,6,No,29,3,No
1677,49,Male,Single,1,3,3,15379,4,No,23,8,No
1678,41,Male,Single,23,4,3,7082,3,Yes,21,2,No
1680,20,Male,Single,9,4,1,2728,1,No,2,2,No
1681,33,Female,Divorced,16,3,4,5368,1,Yes,7,6,No
1682,36,Male,Married,26,1,3,5347,6,No,10,3,No
1683,44,Female,Divorced,1,3,4,3195,4,Yes,8,2,No
1684,23,Male,Single,8,4,3,3989,1,Yes,5,5,Yes
1687,38,Female,Married,4,4,3,3306,7,No,7,0,No
1689,53,Male,Married,24,2,4,7005,3,No,11,4,No
1691,48,Female,Married,7,4,3,2655,2,Yes,19,9,Yes
1692,32,Male,Single,2,4,2,1393,1,No,1,1,Yes
1693,26,Male,Single,7,4,4,2570,1,No,7,7,No
1694,55,Male,Divorced,22,1,2,3537,5,No,8,4,No
1696,34,Male,Married,5,2,4,3986,1,No,15,15,No
1697,60,Male,Divorced,1,3,4,10883,3,No,19,1,No
1698,33,Male,Married,21,2,2,2028,1,No,14,14,No
1700,37,Male,Divorced,1,3,4,9525,1,No,6,6,No
1701,34,Female,Married,19,2,4,2929,1,No,10,10,No
1702,23,Male,Divorced,7,3,4,2275,1,Yes,3,3,Yes
1703,44,Female,Married,2,3,4,7879,1,Yes,9,8,No
1704,35,Male,Single,2,1,4,4930,0,Yes,6,5,No
1706,43,Male,Married,2,4,4,7847,1,Yes,10,10,No
1707,24,Male,Married,9,3,3,4401,1,No,5,5,No
1708,41,Male,Single,6,4,3,9241,1,No,10,10,No
1709,29,Female,Married,9,4,3,2974,9,No,9,5,No
1710,36,Female,Single,2,3,4,4502,3,No,17,13,No
1712,45,Male,Married,1,3,3,10748,3,No,25,23,No
1714,24,Male,Married,22,4,3,1555,1,No,1,1,Yes
1716,47,Male,Married,9,3,3,12936,7,No,25,23,Yes
1718,26,Male,Married,17,4,3,2305,1,No,3,3,No
1719,45,Female,Single,28,4,2,16704,1,No,21,21,No
1720,32,Male,Married,10,1,3,3433,6,No,10,5,No
1721,31,Male,Married,2,2,3,3477,1,No,6,5,No
1722,41,Male,Married,4,3,2,6430,6,No,10,3,No
1724,40,Female,Married,8,2,1,6516,2,Yes,18,1,No
1725,24,Male,Divorced,29,2,1,3907,1,No,6,6,No
1727,46,Male,Single,13,3,2,5562,6,No,19,10,No
1728,35,Male,Married,27,4,3,6883,2,No,17,7,No
1729,30,Male,Married,16,2,4,2862,1,No,10,10,No
1731,47,Male,Married,2,3,2,4978,7,No,4,1,No
1732,46,Male,Divorced,2,3,4,10368,4,Yes,13,10,No
1733,36,Male,Divorced,13,2,1,6134,5,Yes,16,2,Yes
1734,32,Male,Single,1,1,2,6735,6,No,10,0,Yes
1735,23,Female,Single,4,3,2,3295,1,No,3,3,No
1736,31,Female,Single,24,4,4,5238,2,No,9,5,No
1737,39,Male,Married,1,4,4,6472,1,Yes,9,9,No
1739,32,Male,Married,19,4,3,9610,3,No,10,4,No
1740,40,Male,Single,7,2,2,19833,1,No,21,21,No
1744,45,Female,Married,4,3,3,9756,4,No,9,5,No
1745,30,Female,Single,2,4,1,4968,0,No,10,9,No
1746,24,Male,Married,10,1,4,2145,0,No,3,2,No
1747,30,Female,Divorced,8,3,4,2180,6,No,6,4,Yes
1749,31,Male,Married,5,1,3,8346,1,No,6,5,No
1751,27,Female,Single,8,3,4,3445,1,No,6,6,No
1752,29,Female,Single,9,2,2,2760,1,No,2,2,Yes
1753,29,Male,Single,1,4,3,6294,8,Yes,10,3,No
1754,30,Male,Divorced,15,3,1,7140,2,No,12,7,No
1755,34,Male,Married,2,4,4,2932,0,Yes,6,5,No
1756,33,Female,Single,2,4,2,5147,8,No,13,11,No
1757,49,Female,Single,11,4,4,4507,3,No,8,5,No
1758,33,Female,Single,16,1,1,8564,2,Yes,11,0,Yes
1760,38,Female,Married,2,3,2,2468,4,No,9,6,No
1761,31,Male,Married,16,1,3,8161,2,No,10,1,Yes
1762,29,Female,Divorced,4,4,1,2109,1,No,1,1,No
1763,30,Male,Married,16,3,3,5294,3,No,10,7,No
1764,32,Male,Single,5,2,2,2718,2,No,12,7,No
1766,38,Male,Married,18,2,4,5811,3,Yes,15,1,No
1767,43,Male,Married,17,3,3,2437,9,Yes,6,1,Yes
1768,42,Male,Divorced,12,2,2,2766,8,No,7,5,No
1770,55,Male,Married,2,3,1,19038,8,No,34,1,No
1771,33,Male,Divorced,4,4,2,3055,5,No,11,9,No
1772,41,Male,Divorced,9,3,1,2289,1,No,5,5,No
1774,34,Male,Divorced,10,4,3,4001,1,Yes,15,15,No
1775,53,Female,Married,1,1,3,12965,4,Yes,27,3,No
1778,43,Male,Single,2,2,4,3539,0,No,10,9,No
1779,34,Female,Single,3,4,4,6029,5,No,6,2,No
1780,21,Male,Single,7,2,2,2679,1,No,1,1,Yes
1782,38,Female,Married,6,4,3,3702,1,No,5,5,No
1783,22,Female,Married,8,3,1,2398,1,Yes,1,1,Yes
1784,31,Female,Married,29,1,4,5468,1,No,13,12,No
1786,51,Female,Married,3,1,3,13116,2,No,15,2,No
1787,37,Male,Married,9,2,2,4189,1,No,5,5,No
1789,46,Male,Divorced,2,3,4,19328,7,Yes,24,2,No
1790,36,Male,Married,10,4,1,8321,7,Yes,15,12,No
1792,44,Male,Divorced,1,3,2,2342,1,Yes,6,5,Yes
1794,37,Male,Divorced,8,3,2,4071,2,No,19,10,No
1797,35,Male,Single,27,3,4,5813,1,Yes,10,10,Yes
1798,33,Male,Married,8,4,1,3143,6,No,14,10,No
1799,28,Male,Married,1,3,4,2044,1,No,5,5,No
1800,39,Male,Single,10,3,3,13464,7,No,9,4,No
1801,46,Male,Single,26,2,2,7991,8,No,6,2,No
1802,40,Female,Married,2,3,1,3377,4,No,7,4,No
1803,42,Male,Married,13,2,1,5538,5,No,10,0,No
1804,35,Male,Divorced,2,2,4,5762,2,No,15,7,No
1805,38,Male,Divorced,2,1,2,2592,5,No,13,11,No
1807,34,Male,Married,9,4,1,5346,4,No,11,7,Yes
1809,37,Male,Single,10,4,1,4213,1,No,10,10,Yes
1812,39,Male,Divorced,20,3,4,4127,2,No,7,2,No
1813,43,Male,Single,9,1,3,2438,4,No,7,3,No
1814,41,Male,Single,5,2,2,6870,3,No,11,3,No
1815,41,Female,Divorced,4,3,3,10447,0,Yes,23,22,No
1816,30,Female,Single,10,1,3,9667,9,No,9,7,No
1818,26,Female,Married,20,4,2,2148,0,Yes,6,5,Yes
1821,46,Female,Married,21,4,2,8926,4,No,13,9,Yes
1822,40,Female,Divorced,1,3,4,6513,4,No,12,5,No
1823,34,Male,Married,8,2,3,6799,1,No,10,10,No
1824,58,Male,Divorced,2,2,2,16291,4,No,37,16,No
1826,35,Male,Married,23,2,3,2705,0,No,6,5,No
1827,47,Female,Divorced,4,3,2,10333,8,Yes,28,22,No
1829,40,Female,Divorced,12,2,1,4448,2,No,15,7,No
1830,54,Female,Married,7,4,4,6854,4,No,14,7,No
1833,31,Female,Married,7,1,1,9637,2,No,9,3,No
1834,28,Female,Married,1,3,1,3591,1,No,3,3,No
1835,38,Female,Married,2,2,4,5405,2,Yes,20,4,No
1836,26,Male,Single,10,3,4,4684,1,No,5,5,No
1837,58,Male,Married,15,1,3,15787,2,Yes,23,2,No
1839,18,Female,Single,14,2,3,1514,1,No,0,0,No
1842,31,Male,Married,18,4,1,2956,0,No,2,1,Yes
1844,29,Male,Divorced,13,1,1,2335,4,Yes,4,2,Yes
1845,45,Female,Married,2,3,3,5154,4,No,10,8,No
1847,36,Female,Married,2,4,2,6962,4,Yes,15,1,No
1849,43,Male,Married,2,1,4,5675,1,No,7,7,No
1850,27,Female,Single,5,4,4,2379,0,Yes,6,5,No
1852,29,Male,Married,20,4,4,3812,1,No,11,11,No
1853,32,Male,Single,10,4,4,4648,8,No,4,0,No
1854,42,Male,Married,10,3,3,2936,3,No,10,6,No
1856,47,Female,Single,9,2,3,2105,4,No,7,2,No
1857,46,Male,Divorced,2,4,4,8578,3,No,12,9,No
1858,28,Male,Divorced,1,3,4,2706,1,No,3,3,No
1859,29,Male,Divorced,29,4,3,6384,8,No,11,7,No
1860,42,Male,Single,8,4,3,3968,4,No,8,0,No
1862,32,Male,Single,2,3,2,9907,7,Yes,7,2,Yes
1863,46,Female,Divorced,3,1,1,13225,2,No,25,19,No
1864,27,Female,Married,23,2,3,3540,1,No,9,9,No
1865,29,Male,Married,6,4,2,2804,1,No,1,1,No
1866,43,Female,Married,6,1,3,19392,7,No,21,16,No
1867,48,Male,Married,10,4,2,19665,4,No,29,22,No
1868,29,Male,Single,24,4,4,2439,1,Yes,1,1,Yes
1869,46,Female,Married,10,3,2,7314,5,No,14,8,Yes
1870,27,Female,Married,15,4,1,4774,0,No,8,7,No
1871,39,Male,Divorced,19,4,4,3902,8,No,7,2,No
1873,55,Male,Married,2,2,4,2662,8,No,19,5,No
1875,28,Female,Married,3,2,2,2856,1,No,1,1,No
1876,30,Male,Single,9,2,4,1081,1,No,1,1,Yes
1878,22,Male,Single,7,4,2,2472,1,Yes,1,1,Yes
1880,36,Female,Married,10,2,3,5673,1,Yes,10,10,No
1881,31,Male,Divorced,20,2,3,4197,1,No,10,10,No
1882,34,Male,Married,4,3,4,9713,2,Yes,9,5,No
1883,29,Male,Single,7,4,1,2062,3,No,11,3,No
1885,37,Male,Married,7,4,1,4284,5,Yes,16,5,No
1886,35,Female,Married,16,4,2,4788,0,Yes,4,3,No
1888,45,Female,Married,25,2,4,5906,0,No,10,9,No
1890,36,Male,Single,2,2,4,3886,1,No,10,10,No
1892,40,Male,Divorced,1,1,1,16823,2,No,22,19,No
1893,26,Female,Married,1,2,3,2933,1,Yes,1,1,No
1898,27,Female,Single,2,1,3,6500,0,No,9,8,No
1900,48,Female,Divorced,22,4,4,17174,3,No,24,22,No
1903,44,Male,Married,1,2,1,5033,2,No,10,2,No
1905,34,Male,Married,16,4,1,2307,1,Yes,5,5,Yes
1907,56,Male,Single,24,1,4,2587,1,No,5,4,Yes
1908,36,Male,Married,17,3,2,5507,2,No,12,4,No
1909,41,Female,Married,8,3,2,4393,5,No,14,5,No
1911,42,Male,Married,6,3,1,13348,9,No,18,13,No
1912,31,Female,Divorced,10,3,4,6583,2,Yes,8,5,No
1915,34,Female,Married,3,4,4,8103,3,Yes,9,4,No
1916,31,Female,Divorced,4,1,3,3978,8,No,4,2,No
1918,26,Male,Married,6,3,4,2544,0,No,8,7,No
1922,45,Male,Single,1,2,3,5399,4,No,12,4,No
1924,33,Male,Single,10,2,3,5487,1,No,10,10,No
1927,28,Male,Married,1,3,4,6834,1,Yes,7,7,No
1928,29,Male,Single,24,3,1,1091,1,No,1,1,Yes
1929,39,Female,Married,21,1,3,5736,6,No,10,3,No
1931,27,Male,Married,2,2,2,2226,1,No,6,5,No
1932,34,Male,Married,22,3,4,5747,1,Yes,16,15,No
1933,28,Female,Single,13,4,3,9854,3,Yes,6,2,Yes
1934,47,Male,Married,14,3,2,5467,8,No,16,8,No
1935,56,Female,Married,11,4,1,5380,4,No,6,0,No
1936,39,Male,Married,9,1,1,5151,1,No,10,10,No
1937,38,Female,Divorced,8,4,2,2133,1,Yes,20,20,No
1938,58,Female,Married,21,4,4,17875,4,Yes,29,1,No
1939,32,Female,Single,5,1,3,2432,3,Yes,8,4,Yes
1940,38,Male,Divorced,9,2,4,4771,2,No,10,5,No
1941,49,Male,Married,2,2,4,19161,3,No,28,5,No
1943,42,Male,Divorced,12,2,4,5087,3,Yes,14,0,No
1944,27,Female,Married,22,1,2,2863,1,No,1,1,Yes
1945,35,Male,Married,18,2,1,5561,0,No,6,5,No
1947,28,Male,Single,16,3,3,2144,1,No,5,5,No
1948,31,Male,Divorced,3,3,1,3065,1,Yes,4,4,No
1949,36,Male,Married,9,1,2,2810,1,No,5,5,No
1950,34,Male,Single,1,1,4,9888,1,No,14,14,No
1951,34,Male,Divorced,13,4,3,8628,1,No,9,8,No
1952,26,Male,Single,1,3,1,2867,0,No,8,7,No
1954,29,Male,Married,1,1,1,5373,0,No,6,5,No
1955,32,Female,Divorced,15,3,4,6667,5,No,9,5,No
1956,31,Male,Married,1,4,1,5003,1,No,10,10,No
1960,28,Male,Divorced,17,3,4,2367,5,No,6,4,Yes
1961,38,Male,Single,1,1,1,2858,4,No,20,1,No
1962,35,Female,Married,7,3,4,5204,1,Yes,10,10,No
1965,27,Male,Single,9,4,4,4105,1,No,7,7,No
1966,32,Male,Single,5,4,4,9679,8,No,8,1,No
1967,31,Male,Married,26,1,4,5617,1,Yes,10,10,Yes
1968,53,Male,Single,24,1,1,10448,6,Yes,15,2,Yes
1969,54,Female,Married,9,1,3,2897,3,No,9,4,No
1970,33,Male,Divorced,7,4,3,5968,1,No,9,9,No
1971,43,Male,Married,11,1,3,7510,1,No,10,10,No
1972,38,Male,Married,1,4,2,2991,0,Yes,7,6,No
1973,55,Male,Married,26,3,2,19636,4,Yes,35,10,No
1974,31,Female,Divorced,2,4,4,1129,1,Yes,1,1,No
1975,39,Male,Single,15,2,1,13341,0,No,21,20,No
1976,42,Male,Single,23,4,3,4332,1,No,20,20,No
1979,31,Female,Married,10,3,3,11031,4,No,13,11,No
1980,54,Female,Single,10,3,1,4440,6,Yes,9,5,No
1981,24,Male,Single,1,2,3,4617,1,No,4,4,No
1982,23,Male,Single,12,4,4,2647,1,No,5,5,No
1985,40,Female,Married,11,4,3,6323,1,No,10,10,No
1986,40,Female,Married,2,2,2,5677,3,No,15,11,No
1987,25,Female,Married,2,3,2,2187,4,No,6,2,No
1989,30,Male,Married,1,4,2,3748,1,No,12,12,No
1992,25,Male,Divorced,2,4,3,3977,6,Yes,7,2,No
1993,47,Male,Single,25,1,3,8633,2,No,25,17,No
1994,33,Male,Divorced,1,2,3,2008,1,No,1,1,No
1995,38,Male,Married,1,4,2,4440,0,No,16,15,No
1996,31,Male,Married,2,1,3,3067,0,No,3,2,No
1997,38,Male,Married,6,1,3,5321,2,No,10,8,No
1998,42,Male,Divorced,18,4,1,5410,6,Yes,9,4,No
1999,41,Male,Married,1,4,4,2782,3,No,12,5,No
2000,47,Female,Married,1,3,2,11957,0,No,14,13,No
2003,35,Male,Married,11,4,3,2660,7,Yes,5,2,No
2007,22,Male,Single,1,4,3,3375,0,No,4,3,No
2008,35,Male,Single,9,2,3,5098,1,No,10,10,No
2009,33,Female,Married,15,2,4,4878,0,Yes,10,9,No
2010,32,Female,Single,29,3,2,2837,1,No,6,6,No
2012,40,Male,Married,1,1,4,2406,8,No,8,1,No
2013,32,Male,Married,1,2,2,2269,0,No,3,2,No
2014,39,Male,Single,24,1,4,4108,7,No,18,7,No
2015,38,Female,Married,10,2,3,13206,3,No,20,18,No
2016,32,Female,Married,1,3,4,10422,1,No,14,14,No
2017,37,Female,Married,10,3,4,13744,1,Yes,16,16,No
2018,25,Female,Divorced,8,1,3,4907,0,Yes,6,5,No
2019,52,Male,Divorced,29,1,4,3482,2,No,16,9,No
2020,44,Male,Single,1,2,4,2436,6,Yes,6,4,No
2021,21,Male,Single,5,3,1,2380,1,Yes,2,2,No
2022,39,Male,Single,9,4,4,19431,2,No,21,6,No
2023,23,Male,Married,9,4,1,1790,1,No,1,1,Yes
2024,36,Female,Married,3,1,4,7644,0,No,10,9,No
2025,36,Female,Divorced,4,4,2,5131,7,No,18,4,No
2026,56,Male,Divorced,1,3,3,6306,1,No,13,13,No
2027,29,Male,Married,1,1,4,4787,9,Yes,4,2,Yes
2031,42,Male,Married,2,1,3,18880,5,No,24,22,No
2032,56,Male,Married,7,4,3,2339,8,No,14,10,Yes
2034,41,Female,Married,28,1,2,13570,0,No,21,20,No
2035,34,Female,Married,28,4,3,6712,1,No,8,8,No
2036,36,Male,Divorced,15,4,4,5406,1,No,15,15,No
2037,41,Male,Divorced,3,3,2,8938,2,No,14,5,No
2038,32,Male,Single,2,4,1,2439,1,No,4,4,No
2040,35,Female,Single,26,3,4,8837,1,Yes,9,9,No
2041,38,Female,Married,10,1,4,5343,1,No,10,10,No
2044,50,Male,Divorced,1,2,3,6728,7,No,12,6,Yes
2045,36,Female,Married,11,2,4,6652,4,No,8,6,No
2046,45,Female,Single,20,4,3,4850,8,No,8,5,No
2048,40,Male,Single,2,3,3,2809,2,No,8,2,No
2049,35,Male,Married,18,3,3,5689,1,Yes,10,10,No
2051,40,Female,Married,2,3,3,2001,2,No,20,5,No
2052,35,Female,Married,1,3,4,2977,1,No,4,4,No
2053,29,Male,Married,13,4,2,4025,4,Yes,10,4,No
2054,29,Female,Single,28,4,1,3785,1,No,5,5,No
2055,50,Male,Divorced,28,4,1,10854,4,Yes,20,3,Yes
2056,39,Female,Married,24,2,4,12031,0,No,21,20,No
2057,31,Male,Single,5,2,1,9936,0,No,10,9,No
2060,26,Female,Single,5,4,3,2966,0,No,5,4,No
2061,36,Male,Married,23,3,4,2571,4,No,17,5,No
2062,39,Male,Married,6,4,1,9991,4,No,9,7,No
2064,27,Male,Married,4,2,2,6142,1,Yes,6,6,No
2065,49,Male,Married,2,4,2,5390,2,No,17,9,No
2068,34,Male,Married,8,2,3,4404,2,No,6,4,No
