EmployeeID,Department,Age,Education,JobLevel,JobInvolvement,NumCompaniesWorked,TotalWorkingYears,TrainingTimesLastYear,YearsAtCompany,MonthlyIncome
1,Sales,41,College,2,3,8,8,0,6,5993
2,Research & Development,49,Below College,2,2,1,10,3,10,5130
4,Research & Development,37,College,1,2,6,7,3,0,2090
5,Research & Development,33,Master,1,3,1,8,3,8,2909
7,Research & Development,27,Below College,1,3,9,6,3,2,3468
8,Research & Development,32,College,1,3,0,8,2,7,3068
10,Research & Development,59,Bachelor,1,4,4,12,3,1,2670
11,Research & Development,30,Below College,1,3,1,1,2,1,2693
12,Research & Development,38,Bachelor,3,2,0,10,2,9,9526
13,Research & Development,36,Bachelor,2,3,6,17,3,7,5237
14,Research & Development,35,Bachelor,1,4,0,6,5,5,2426
15,Research & Development,29,College,2,2,0,10,3,9,4193
16,Research & Development,31,Below College,1,3,1,5,1,5,2911
18,Research & Development,34,College,1,3,0,3,2,2,2661
19,Research & Development,28,Bachelor,1,2,5,6,4,4,2028
20,Research & Development,29,Master,3,4,1,10,1,10,9980
21,Research & Development,32,College,1,4,0,7,5,6,3298
22,Research & Development,22,College,1,4,1,1,2,1,2935
23,Sales,53,Master,4,2,2,31,3,25,15427
24,Research & Development,38,Bachelor,1,3,5,6,3,3,3944
26,Research & Development,24,College,2,4,0,5,5,4,4011
27,Sales,36,Master,1,2,7,10,4,5,3407
28,Research & Development,34,Master,3,3,0,13,4,12,11994
30,Research & Development,21,College,1,3,1,0,6,0,1232
31,Research & Development,34,Below College,1,3,2,8,2,4,2960
32,Research & Development,53,Bachelor,5,3,4,26,3,14,19094
33,Research & Development,32,Below College,1,1,1,10,5,10,3919
35,Sales,42,Master,2,3,0,10,2,9,6825
36,Research & Development,44,Master,3,2,3,24,4,22,10248
38,Sales,46,Master,5,3,3,22,2,2,18947
39,Research & Development,33,Bachelor,1,3,4,7,3,1,2496
40,Research & Development,44,Master,2,3,2,9,5,4,6465
41,Research & Development,30,College,1,2,1,10,5,10,2206
42,Sales,39,Bachelor,2,3,3,19,6,1,2086
45,Research & Development,24,Bachelor,1,3,2,6,2,2,2293
46,Research & Development,43,College,1,4,1,6,3,5,2645
47,Sales,50,College,1,2,1,3,2,3,2683
49,Sales,35,Bachelor,1,3,1,2,3,2,2014
51,Research & Development,36,Master,1,2,9,6,3,1,3419
52,Sales,33,Bachelor,2,4,2,10,3,5,5376
53,Research & Development,35,College,1,3,1,1,3,1,1951
54,Research & Development,27,Master,1,3,1,1,6,1,2341
55,Research & Development,26,Bachelor,1,1,1,1,2,1,2293
56,Sales,27,Bachelor,3,3,1,9,0,9,8726
57,Research & Development,30,College,2,3,1,12,2,12,4011
58,Research & Development,41,Bachelor,5,3,1,23,0,22,19545
60,Sales,34,Master,2,3,0,10,2,9,4568
61,Research & Development,37,College,1,3,4,8,1,1,3022
62,Sales,46,Master,2,3,4,14,4,9,5772
63,Research & Development,35,Below College,1,4,1,1,2,1,2269
64,Research & Development,48,College,3,2,9,23,2,1,5381
65,Research & Development,28,Master,1,3,1,2,3,2,3441
68,Sales,44,Doctor,2,3,5,9,2,4,5454
70,Research & Development,35,College,3,2,2,10,3,4,9884
72,Sales,26,Bachelor,2,2,7,5,2,2,4157
73,Research & Development,33,College,3,3,1,15,1,15,13458
74,Sales,35,Doctor,3,3,1,9,3,9,9069
75,Research & Development,35,Master,1,3,3,4,3,2,4014
76,Research & Development,31,Master,2,3,3,10,3,7,5915
77,Research & Development,37,Master,2,2,1,7,2,7,5993
78,Research & Development,32,Bachelor,2,3,1,9,3,9,6162
79,Research & Development,38,Doctor,2,3,1,10,2,10,2406
80,Research & Development,50,College,5,2,5,29,2,27,18740
81,Sales,59,Bachelor,3,3,7,28,3,21,7637
83,Research & Development,36,Bachelor,3,3,1,17,2,17,10096
84,Research & Development,55,Bachelor,4,3,2,21,2,5,14756
85,Research & Development,36,Bachelor,2,2,1,6,3,6,6499
86,Research & Development,45,Bachelor,3,3,2,25,2,1,9724
88,Research & Development,35,Bachelor,1,3,4,5,2,3,2194
90,Research & Development,36,Bachelor,1,2,0,2,0,1,3388
91,Sales,59,Below College,2,2,7,20,2,4,5473
94,Research & Development,29,Bachelor,1,3,0,6,3,5,2703
95,Research & Development,31,Master,1,3,1,1,4,1,2501
96,Research & Development,32,Bachelor,2,3,1,10,3,10,6220
97,Research & Development,36,Bachelor,1,4,3,5,3,1,3038
98,Research & Development,31,Master,2,3,1,11,2,11,4424
100,Sales,35,Master,2,2,0,16,2,15,4312
101,Research & Development,45,Master,3,3,4,17,3,0,13245
102,Research & Development,37,Master,3,3,4,16,3,5,13664
103,Human Resources,46,College,2,3,8,16,2,4,5021
104,Research & Development,30,Below College,2,2,1,10,1,10,5126
105,Research & Development,35,Bachelor,1,2,1,6,3,6,2859
106,Sales,55,College,3,3,3,24,4,1,10239
107,Research & Development,38,Bachelor,2,1,7,17,3,13,5329
110,Research & Development,34,College,2,3,1,5,2,5,4325
112,Research & Development,56,Bachelor,3,1,4,37,3,6,7260
113,Sales,23,Below College,1,3,3,3,3,0,2322
116,Research & Development,51,Master,1,3,3,10,4,4,2075
117,Research & Development,30,Bachelor,2,2,1,11,3,11,4152
118,Sales,46,College,3,2,1,9,3,9,9619
119,Research & Development,40,Master,4,2,1,22,3,22,13503
120,Sales,51,Master,2,3,0,11,2,10,5441
121,Sales,30,College,2,2,1,11,4,11,5209
124,Research & Development,46,Bachelor,3,2,2,21,5,10,10673
125,Sales,32,Master,2,3,1,12,0,11,5010
126,Research & Development,54,Master,3,3,9,16,5,4,13549
128,Sales,24,College,2,3,0,4,2,3,4999
129,Sales,28,Bachelor,2,3,1,5,3,5,4221
131,Sales,58,Master,4,3,0,38,1,37,13872
132,Research & Development,44,Bachelor,2,3,4,17,3,3,2042
133,Human Resources,37,Master,1,3,4,7,3,3,2073
134,Research & Development,32,Below College,1,3,1,1,2,1,2956
137,Research & Development,20,Bachelor,1,2,1,1,5,1,2926
138,Research & Development,34,Master,2,3,1,16,3,16,4809
139,Research & Development,37,College,2,2,5,17,2,1,5163
140,Human Resources,59,Master,5,2,9,30,3,3,18844
141,Research & Development,50,Bachelor,5,3,3,28,1,8,18172
142,Sales,25,Bachelor,2,2,1,6,1,6,5744
143,Research & Development,25,Below College,1,2,1,2,2,2,2889
144,Research & Development,22,Bachelor,1,3,1,1,5,0,2871
145,Research & Development,51,Master,3,2,3,23,1,13,7484
147,Research & Development,34,Bachelor,2,1,1,9,3,9,6074
148,Human Resources,54,Bachelor,4,4,2,23,3,5,17328
150,Research & Development,24,Below College,1,3,0,6,2,5,2774
151,Research & Development,34,Master,2,2,6,12,3,1,4505
152,Sales,37,Bachelor,3,3,2,12,3,5,7428
153,Research & Development,34,Bachelor,3,2,2,14,6,11,11631
154,Sales,36,College,3,3,0,10,6,9,9738
155,Research & Development,36,College,1,3,5,7,2,1,2835
158,Sales,43,College,4,3,1,25,3,25,16959
159,Research & Development,30,Bachelor,1,1,1,10,2,10,2613
160,Sales,33,College,2,3,0,8,2,7,6146
161,Research & Development,56,Master,1,3,9,7,2,5,4963
162,Research & Development,51,Bachelor,5,3,7,23,5,20,19537
163,Sales,31,Master,2,1,4,12,3,7,6172
164,Research & Development,26,Bachelor,1,2,1,5,3,5,2368
165,Research & Development,58,Master,3,3,1,40,3,40,10312
167,Sales,19,Below College,1,3,1,0,2,0,1675
169,Research & Development,22,Below College,1,3,0,3,2,2,2523
170,Research & Development,49,Master,2,3,1,16,2,15,6567
171,Research & Development,43,Bachelor,1,4,4,18,2,3,4739
174,Sales,50,Bachelor,3,3,4,16,3,2,9208
175,Sales,31,Bachelor,2,1,3,4,2,2,4559
176,Sales,41,Below College,3,3,3,12,2,9,8189
177,Human Resources,26,Below College,1,3,1,8,3,8,2942
178,Research & Development,36,College,2,3,6,7,0,3,4941
179,Research & Development,51,Master,3,1,2,18,2,4,10650
182,Sales,39,Master,2,2,4,17,1,15,5902
183,Sales,25,Bachelor,2,2,2,6,3,2,8639
184,Human Resources,30,Bachelor,2,3,0,12,2,11,6347
190,Research & Development,32,Bachelor,1,3,7,10,2,5,4200
192,Research & Development,45,Bachelor,1,3,5,9,2,6,3452
193,Research & Development,38,Doctor,2,3,3,19,2,3,4317
194,Research & Development,30,Bachelor,1,3,1,5,4,5,2632
195,Sales,32,College,2,1,0,9,2,8,4668
197,Research & Development,30,Bachelor,1,3,5,8,3,3,3204
198,Research & Development,30,Below College,1,2,0,6,3,5,2720
199,Research & Development,41,Bachelor,4,2,4,21,2,7,17181
200,Research & Development,41,Master,1,3,2,7,2,5,2238
201,Research & Development,19,Below College,1,3,1,1,3,1,1483
202,Research & Development,40,Bachelor,2,3,1,20,2,20,5605
204,Sales,35,Doctor,3,3,1,10,3,10,7295
205,Sales,53,College,2,3,2,13,3,7,2306
206,Research & Development,45,Bachelor,2,3,8,20,2,17,2348
207,Sales,32,Bachelor,3,3,1,9,2,9,8998
208,Research & Development,29,Below College,2,3,1,10,1,10,4319
211,Research & Development,51,Master,2,2,2,10,2,1,6132
214,Research & Development,58,Bachelor,1,2,4,9,3,1,3346
215,Sales,40,Master,3,2,7,15,2,12,10855
216,Sales,34,Master,1,3,6,6,3,4,2231
217,Research & Development,22,Below College,1,3,1,2,6,2,2323
218,Research & Development,27,Bachelor,1,3,6,6,1,2,2024
221,Research & Development,28,Bachelor,1,3,1,5,2,5,2713
223,Research & Development,57,College,3,4,3,12,2,5,9439
224,Research & Development,27,Bachelor,1,2,1,1,2,1,2566
226,Research & Development,50,Bachelor,5,3,3,21,5,5,19926
227,Research & Development,41,Bachelor,1,3,4,13,2,9,2451
228,Sales,30,Bachelor,3,3,2,12,2,10,9419
230,Sales,38,Master,2,2,4,12,2,8,8686
231,Research & Development,32,Doctor,1,3,3,8,2,5,3038
233,Research & Development,27,Bachelor,1,3,0,6,3,5,3058
235,Sales,19,Below College,1,1,0,1,5,0,2325
238,Research & Development,36,College,1,3,4,13,3,8,2088
239,Research & Development,30,Bachelor,2,3,1,12,4,12,3072
240,Sales,45,College,2,3,4,9,3,5,5006
241,Research & Development,56,Bachelor,1,3,4,19,3,2,4257
242,Research & Development,33,Bachelor,1,3,0,4,2,3,2500
243,Research & Development,19,Bachelor,1,2,1,1,3,1,1102
244,Sales,46,College,3,3,1,24,2,24,10453
245,Research & Development,38,College,1,3,1,2,3,2,2288
246,Research & Development,31,Below College,1,3,8,7,0,4,3929
247,Research & Development,34,College,1,3,2,9,3,3,2311
248,Sales,41,College,1,3,1,4,5,4,3140
249,Research & Development,50,Bachelor,1,2,2,5,2,3,3690
250,Research & Development,53,College,2,4,1,5,3,4,4450
252,Research & Development,33,Bachelor,1,3,1,8,5,8,2756
253,Research & Development,40,Below College,5,3,1,21,2,20,19033
254,Research & Development,55,Master,5,4,8,36,3,24,18722
256,Research & Development,34,Below College,2,2,1,10,2,10,9547
258,Research & Development,51,Bachelor,4,3,3,21,6,7,13734
259,Research & Development,52,Master,5,2,0,34,5,33,19999
260,Research & Development,27,Bachelor,1,3,1,7,2,7,2279
261,Research & Development,35,College,2,2,3,8,1,1,5916
262,Research & Development,43,Bachelor,1,4,4,7,3,5,2089
264,Research & Development,45,College,4,2,9,22,1,20,16792
267,Research & Development,37,Bachelor,1,4,1,8,3,8,3564
269,Research & Development,35,Bachelor,2,3,5,10,5,6,4425
270,Research & Development,42,College,2,3,2,11,5,5,5265
271,Research & Development,38,Master,2,3,9,14,3,1,6553
273,Research & Development,38,Bachelor,2,3,3,9,3,7,6261
274,Research & Development,27,Below College,2,2,5,6,1,2,4298
275,Research & Development,49,Master,2,3,1,7,0,7,6804
277,Research & Development,34,Master,1,3,1,5,4,5,3815
281,Research & Development,40,College,2,3,8,15,2,7,2741
282,Research & Development,38,Below College,2,3,7,17,2,1,6673
283,Sales,29,Bachelor,3,3,1,10,3,10,7639
284,Research & Development,22,Bachelor,1,4,1,4,2,4,2328
286,Research & Development,36,Below College,1,3,1,8,2,8,2153
287,Research & Development,40,Doctor,2,2,9,5,5,3,4876
288,Research & Development,46,Master,3,3,7,17,3,4,9396
291,Sales,32,Master,3,1,1,14,2,14,10400
292,Research & Development,30,Below College,3,2,1,12,2,11,8474
293,Sales,27,Bachelor,2,3,1,7,2,7,9981
296,Research & Development,51,Master,3,2,5,16,5,10,12490
297,Research & Development,30,Bachelor,1,3,5,8,5,5,2657
298,Sales,41,Bachelor,3,3,3,16,3,1,13591
299,Sales,30,Master,2,2,5,9,5,6,6696
300,Research & Development,29,Bachelor,1,3,0,7,1,6,2058
302,Sales,45,Bachelor,3,2,6,23,2,19,8865
303,Sales,54,Bachelor,2,3,2,16,4,6,5940
304,Research & Development,36,College,2,3,8,16,3,13,5914
305,Research & Development,33,Master,1,2,6,7,3,3,2622
306,Research & Development,37,Bachelor,3,3,1,10,1,10,12185
307,Sales,38,Bachelor,3,3,0,17,6,16,10609
308,Research & Development,31,Master,2,1,0,6,2,5,4345
309,Research & Development,59,Bachelor,1,2,3,7,6,1,2177
311,Sales,37,Master,1,3,4,13,2,9,2793
312,Sales,29,Below College,3,3,1,11,5,11,7918
314,Sales,35,Bachelor,3,3,1,10,3,10,8789
315,Research & Development,29,Below College,1,2,1,4,3,4,2389
316,Research & Development,52,Bachelor,1,2,7,6,3,2,3212
319,Research & Development,42,College,5,3,1,22,3,22,19232
321,Human Resources,59,College,1,3,8,7,2,2,2267
323,Sales,50,Master,5,3,3,32,3,7,19517
325,Research & Development,33,Bachelor,1,3,5,8,2,5,2436
327,Sales,43,Bachelor,4,3,5,22,3,17,16064
328,Research & Development,33,College,1,3,7,13,3,9,2707
329,Sales,52,Master,5,2,1,33,2,33,19068
330,Sales,32,College,1,3,2,6,5,4,3931
331,Research & Development,32,Bachelor,1,2,0,4,2,3,3730
332,Research & Development,39,Master,1,3,7,7,1,3,2232
333,Sales,32,Master,2,3,0,4,2,3,4465
334,Research & Development,41,College,2,3,2,17,2,1,3072
335,Research & Development,40,College,2,3,1,9,3,9,3319
336,Research & Development,45,Bachelor,5,4,0,25,2,24,19202
337,Research & Development,31,Master,3,3,9,9,3,2,13675
338,Research & Development,33,Master,1,2,1,2,2,2,2911
339,Research & Development,34,Master,2,2,6,13,3,11,5957
340,Research & Development,37,College,1,2,2,17,2,3,3920
341,Research & Development,45,Master,2,4,4,9,1,3,6434
342,Research & Development,37,Bachelor,3,3,6,17,5,1,10048
343,Research & Development,39,Master,3,3,0,20,1,19,10938
346,Research & Development,29,Bachelor,1,3,1,6,1,6,2340
347,Research & Development,42,College,2,4,3,10,1,3,6545
349,Sales,29,College,2,3,2,10,2,3,6931
350,Research & Development,25,Bachelor,2,3,0,5,3,4,4898
351,Research & Development,42,Bachelor,1,2,0,10,4,9,2593
352,Research & Development,40,College,5,3,0,22,5,21,19436
353,Research & Development,51,Bachelor,1,3,1,1,0,1,2723
355,Research & Development,31,College,1,2,0,6,2,5,3479
359,Research & Development,32,Bachelor,1,4,1,5,3,5,2794
361,Sales,38,College,2,2,3,13,0,8,5249
362,Research & Development,32,Below College,2,2,4,9,5,6,2176
363,Sales,46,Bachelor,4,1,3,28,2,7,16872
364,Research & Development,28,Master,1,3,2,5,5,0,3485
366,Sales,29,Bachelor,2,2,2,10,2,0,6644
367,Research & Development,31,Bachelor,2,2,0,10,2,9,5582
369,Research & Development,25,College,2,4,1,6,2,6,4000
372,Research & Development,45,College,4,3,0,21,2,20,13496
373,Research & Development,36,Bachelor,1,3,0,16,4,15,3210
374,Research & Development,55,Bachelor,5,3,0,37,2,36,19045
376,Research & Development,47,Master,3,3,1,10,2,10,11849
377,Research & Development,28,Bachelor,1,3,1,5,3,5,2070
378,Sales,37,Master,2,3,4,7,5,5,6502
379,Research & Development,21,College,1,2,1,3,4,3,3230
380,Research & Development,37,Master,3,3,2,15,2,5,13603
381,Research & Development,35,Bachelor,3,4,7,10,6,7,11996
382,Sales,38,College,2,4,1,8,3,8,5605
384,Research & Development,26,Bachelor,2,3,1,6,6,6,6397
385,Research & Development,50,Below College,5,3,3,28,4,10,19144
386,Research & Development,53,Master,4,3,3,21,5,5,17584
387,Sales,42,Below College,2,3,1,20,3,20,4907
388,Sales,29,College,2,3,1,10,3,10,4554
389,Research & Development,55,College,2,3,3,12,4,10,5415
390,Research & Development,26,College,2,3,1,5,3,5,4741
391,Research & Development,37,Bachelor,1,3,1,17,3,17,2115
392,Research & Development,44,Bachelor,1,3,3,19,0,1,3161
393,Research & Development,38,Master,2,3,9,10,2,2,5745
394,Research & Development,26,Master,1,3,2,5,2,3,2373
395,Research & Development,28,College,1,3,1,5,3,5,3310
396,Research & Development,49,Master,5,3,9,22,4,3,18665
397,Research & Development,36,Bachelor,2,3,4,10,2,8,4485
399,Sales,31,Bachelor,1,3,1,2,5,2,2789
401,Sales,26,Master,2,2,1,8,0,8,5828
403,Research & Development,37,Bachelor,1,3,1,4,3,4,2326
404,Sales,42,Bachelor,4,3,5,23,2,20,13525
405,Research & Development,18,Bachelor,1,3,1,0,2,0,1420
406,Sales,35,Bachelor,3,3,0,12,3,11,8020
407,Research & Development,36,Master,1,4,4,4,2,1,3688
408,Research & Development,51,Bachelor,2,1,5,13,3,4,5482
410,Sales,41,Master,4,3,1,22,2,22,16015
411,Sales,18,Bachelor,1,2,1,0,2,0,1200
412,Research & Development,28,College,2,4,0,9,2,8,5661
416,Sales,31,Bachelor,2,4,4,10,3,8,6929
417,Research & Development,39,Bachelor,3,4,0,19,5,18,9613
419,Research & Development,36,Master,2,3,7,11,3,9,5674
420,Sales,32,Bachelor,2,2,1,13,3,13,5484
421,Research & Development,38,College,3,2,3,19,2,10,12061
422,Research & Development,58,Master,2,1,2,12,2,5,5660
423,Research & Development,31,Master,1,3,0,6,4,5,4821
424,Human Resources,31,Bachelor,2,2,3,9,1,2,6410
425,Research & Development,45,Bachelor,3,3,1,24,2,24,5210
426,Research & Development,31,Master,1,3,0,3,2,2,2695
428,Research & Development,33,Master,3,3,6,12,2,10,11878
429,Research & Development,39,Below College,4,3,1,21,3,21,17068
430,Research & Development,43,Master,1,3,0,9,5,8,2455
431,Research & Development,49,College,4,2,7,25,2,7,13964
433,Research & Development,52,Master,2,2,2,11,3,8,4941
434,Research & Development,27,Bachelor,1,3,1,4,2,4,2478
436,Sales,32,College,2,2,1,13,2,13,5228
437,Sales,27,Bachelor,2,3,1,5,3,5,4478
438,Sales,31,Bachelor,2,3,4,13,3,7,7547
439,Research & Development,32,Master,2,4,7,10,0,7,5055
440,Research & Development,28,Master,1,1,5,5,4,3,3464
441,Research & Development,30,College,2,3,1,11,2,10,5775
442,Research & Development,31,College,3,2,1,10,2,10,8943
444,Research & Development,39,College,5,2,1,21,2,21,19272
445,Sales,39,College,2,3,4,12,3,1,5238
446,Sales,33,Bachelor,2,2,3,9,6,7,4682
447,Research & Development,47,Doctor,5,3,4,21,2,3,18300
448,Research & Development,43,Master,2,2,1,9,3,9,5257
449,Sales,27,Below College,2,3,0,6,0,5,6349
450,Research & Development,54,Master,2,3,3,20,4,4,4869
451,Research & Development,43,Bachelor,3,3,8,10,1,1,9985
452,Research & Development,45,Master,2,3,9,12,3,10,3697
453,Sales,40,College,2,1,2,6,2,4,7457
454,Research & Development,29,Master,1,1,1,7,4,7,2119
455,Research & Development,29,Doctor,1,2,0,4,2,3,3983
456,Sales,30,Bachelor,2,2,1,10,2,10,6118
458,Sales,27,Master,2,3,1,8,3,8,6214
460,Research & Development,37,College,2,3,7,8,2,6,6347
461,Research & Development,38,College,3,2,0,12,3,11,11510
462,Research & Development,31,Master,3,3,1,11,2,11,7143
463,Sales,29,Below College,2,2,1,7,2,7,8268
464,Research & Development,35,Master,3,3,0,17,5,16,8095
465,Research & Development,23,Below College,1,3,1,4,2,4,2904
466,Research & Development,41,Bachelor,2,2,6,8,3,5,6032
467,Sales,47,Below College,2,3,3,5,3,0,2976
468,Research & Development,42,Doctor,4,3,2,16,2,1,15992
469,Sales,29,Bachelor,2,3,1,4,3,4,4649
470,Human Resources,42,Below College,1,3,0,4,5,3,2696
471,Research & Development,32,Bachelor,1,3,1,8,4,8,2370
473,Sales,48,Below College,3,3,3,15,3,0,12504
474,Research & Development,37,Bachelor,2,4,4,13,2,7,5974
475,Sales,30,College,2,3,7,4,2,2,4736
476,Sales,26,Bachelor,2,3,1,8,3,8,5296
477,Research & Development,42,Master,2,2,3,14,6,1,6781
478,Sales,21,Below College,1,2,1,3,3,3,2174
479,Sales,36,Doctor,2,3,4,7,6,1,6653
481,Sales,36,Master,3,2,4,16,2,13,9699
482,Research & Development,57,Master,2,3,2,15,2,3,6755
483,Research & Development,40,Master,1,4,3,10,3,7,2213
484,Sales,21,College,1,3,1,3,3,3,2610
485,Sales,33,Bachelor,1,3,1,1,2,1,2851
486,Research & Development,37,Bachelor,1,3,6,17,3,5,3452
487,Research & Development,46,Master,2,3,2,7,2,1,5258
488,Sales,41,Bachelor,2,3,1,8,5,8,9355
491,Research & Development,50,Bachelor,3,2,6,20,2,4,10496
492,Sales,40,College,2,2,2,8,6,6,6380
493,Research & Development,31,Master,1,2,0,3,5,2,2657
494,Sales,21,Bachelor,1,4,1,1,0,1,2716
495,Research & Development,29,Bachelor,1,3,9,6,4,3,2201
496,Research & Development,35,Master,2,2,9,10,5,1,6540
497,Research & Development,27,College,1,3,1,5,2,5,3816
498,Sales,28,Master,2,3,1,7,1,7,5253
499,Research & Development,49,Bachelor,3,2,8,26,2,5,10965
500,Sales,51,College,2,3,4,18,2,7,4936
501,Research & Development,36,Bachelor,1,3,4,6,3,2,2543
502,Sales,34,Bachelor,2,4,8,9,3,5,5304
505,Research & Development,55,Bachelor,4,3,2,30,2,5,16659
507,Sales,24,Master,2,3,1,5,2,5,4260
508,Sales,30,Below College,1,3,1,1,3,1,2476
510,Research & Development,26,Below College,1,3,0,7,2,6,3102
511,Research & Development,22,Bachelor,1,3,1,2,1,2,2244
513,Sales,36,College,3,2,1,10,2,10,7596
514,Research & Development,30,Bachelor,1,3,9,3,4,1,2285
515,Research & Development,37,Bachelor,1,3,1,18,2,18,3034
516,Sales,40,College,2,3,7,8,5,5,5715
517,Research & Development,42,Master,1,3,3,8,5,5,2576
518,Research & Development,37,Master,2,3,2,18,2,1,4197
520,Research & Development,43,Bachelor,4,2,1,25,3,25,14336
521,Research & Development,40,Bachelor,2,2,6,20,3,1,3448
522,Research & Development,54,College,5,3,4,24,4,4,19406
523,Sales,34,Master,2,3,9,6,3,3,6538
524,Research & Development,31,College,2,3,1,13,5,13,4306
525,Research & Development,43,Bachelor,1,3,7,8,1,3,2258
526,Research & Development,43,Master,2,3,4,8,3,5,4522
527,Sales,25,College,2,2,1,5,3,5,4487
529,Research & Development,37,Doctor,2,3,3,15,2,13,4449
530,Research & Development,31,College,1,2,1,4,3,4,2218
531,Research & Development,39,Below College,5,3,1,21,3,21,19197
532,Sales,56,Bachelor,4,4,9,36,0,7,13212
533,Sales,30,Bachelor,2,3,0,6,6,5,6577
534,Sales,41,Bachelor,3,4,1,10,2,10,8392
536,Research & Development,28,College,2,3,1,10,2,10,4558
538,Research & Development,25,Bachelor,1,3,5,6,5,2,4031
543,Research & Development,52,Bachelor,3,2,2,28,4,5,7969
544,Research & Development,45,College,1,3,3,8,3,2,2654
546,Research & Development,52,College,4,3,2,31,2,5,16555
547,Research & Development,42,College,2,3,2,19,3,5,4556
548,Research & Development,30,Bachelor,2,1,2,11,2,5,6091
549,Research & Development,60,Bachelor,5,3,5,33,5,29,19566
550,Research & Development,46,Bachelor,2,3,2,19,5,10,4810
551,Research & Development,42,Master,2,2,0,7,4,6,4523
554,Sales,24,Below College,1,3,1,6,4,5,3202
555,Sales,34,College,1,1,0,3,3,2,2351
556,Research & Development,38,College,1,3,1,1,3,1,1702
558,Sales,40,Master,5,3,0,21,2,20,18041
560,Research & Development,26,Bachelor,1,3,1,3,3,3,2886
562,Research & Development,30,Bachelor,1,3,4,9,3,5,2097
564,Research & Development,29,Master,3,2,1,10,2,10,11935
565,Research & Development,29,Doctor,1,2,5,6,2,2,2546
566,Human Resources,19,College,1,2,1,1,3,1,2564
567,Sales,30,Master,3,3,0,10,3,9,8412
568,Sales,57,Bachelor,4,2,3,32,3,1,14118
569,Research & Development,50,Master,4,2,0,28,2,27,17046
571,Research & Development,30,Bachelor,1,3,0,12,2,11,2564
573,Sales,60,Bachelor,3,2,4,22,5,18,10266
574,Research & Development,47,College,2,3,5,20,2,5,5070
575,Research & Development,46,Bachelor,4,3,6,26,2,3,17861
577,Research & Development,35,Bachelor,1,1,0,6,2,5,4230
578,Research & Development,54,Master,2,3,7,19,3,1,3780
579,Research & Development,34,Master,1,2,3,14,3,7,2768
580,Sales,46,Bachelor,3,2,2,15,3,3,9071
581,Research & Development,31,Below College,3,3,1,13,6,13,10648
582,Research & Development,33,Below College,3,3,7,15,2,7,13610
584,Research & Development,33,Below College,1,1,7,8,2,4,3408
585,Sales,30,Below College,1,3,0,4,3,3,2983
586,Research & Development,35,Bachelor,3,3,4,10,2,8,7632
587,Research & Development,31,Bachelor,3,3,3,12,2,1,9824
590,Human Resources,34,Bachelor,3,3,9,11,2,3,9950
591,Research & Development,42,College,1,3,4,8,4,2,2093
592,Sales,36,Master,3,3,1,10,3,10,9980
593,Research & Development,22,Below College,1,2,5,4,3,2,3894
595,Sales,48,Doctor,2,3,2,14,2,9,4051
597,Sales,55,Doctor,4,3,3,37,2,10,16835
599,Sales,41,College,2,3,7,16,3,14,6230
600,Sales,35,Bachelor,2,3,9,15,2,11,4717
601,Research & Development,40,Bachelor,4,3,7,22,3,20,13237
602,Research & Development,39,Below College,1,3,1,8,3,8,3755
604,Sales,31,Below College,2,3,4,10,2,6,6582
605,Research & Development,42,Bachelor,3,3,1,10,5,10,7406
606,Sales,45,Bachelor,2,3,0,9,3,8,4805
608,Human Resources,26,Master,1,3,0,8,2,7,2741
611,Research & Development,29,Bachelor,2,3,4,8,2,3,4262
612,Research & Development,33,Doctor,4,4,4,10,2,6,16184
613,Sales,31,Bachelor,3,2,9,10,3,5,11557
614,Sales,18,Bachelor,1,3,1,0,3,0,1878
615,Sales,40,Bachelor,3,1,3,20,2,1,10932
616,Research & Development,41,Master,2,2,2,10,3,8,6811
618,Sales,26,College,2,3,5,8,5,0,4306
620,Sales,35,Bachelor,2,3,1,5,3,5,4859
621,Sales,34,Master,2,4,1,10,3,10,5337
622,Research & Development,26,Bachelor,1,1,1,1,3,1,2340
623,Research & Development,37,Bachelor,3,3,4,12,3,6,7491
624,Research & Development,46,Below College,3,3,5,28,3,2,10527
625,Sales,41,Doctor,4,3,7,22,2,18,16595
626,Sales,37,Master,3,3,1,9,6,9,8834
630,Research & Development,52,College,2,3,3,18,3,10,5577
631,Sales,32,Master,2,4,8,6,2,4,4707
632,Sales,24,Bachelor,1,3,0,3,3,2,2400
634,Research & Development,38,Bachelor,2,3,3,18,4,1,9824
635,Research & Development,37,Master,2,3,6,8,2,6,6447
638,Research & Development,49,Master,5,2,1,31,5,31,19502
639,Research & Development,24,Bachelor,1,4,1,6,3,6,2725
641,Sales,26,College,2,3,1,6,5,5,6272
643,Research & Development,24,College,1,2,1,1,2,1,2127
644,Human Resources,50,Bachelor,5,3,1,32,2,32,18200
645,Sales,25,Below College,1,3,1,7,1,7,2096
647,Research & Development,24,Bachelor,1,3,1,6,4,6,2886
648,Sales,30,Master,1,2,1,1,2,1,2033
649,Research & Development,34,College,1,2,1,6,3,6,3622
650,Sales,31,Master,2,3,2,9,2,3,4233
652,Research & Development,35,College,2,2,4,9,3,3,3681
653,Sales,31,Master,2,4,4,13,4,7,5460
655,Research & Development,27,Master,1,2,0,6,5,5,2187
656,Sales,37,Bachelor,2,3,4,17,3,3,9602
657,Research & Development,20,Bachelor,1,2,1,1,0,1,2836
659,Research & Development,42,Master,2,3,1,10,4,10,4089
661,Research & Development,43,Master,4,2,4,21,3,1,16627
662,Research & Development,38,Below College,1,3,3,8,3,0,2619
663,Research & Development,43,Doctor,2,3,3,10,3,8,5679
664,Research & Development,48,Master,4,2,7,21,3,3,15402
665,Human Resources,44,Master,2,2,4,10,1,2,5985
666,Sales,34,Bachelor,1,3,1,8,3,8,2579
667,Sales,27,Below College,1,3,0,5,3,4,3041
669,Sales,21,Below College,1,3,1,3,2,3,3447
671,Research & Development,44,Master,5,3,4,26,2,2,19513
675,Research & Development,22,Below College,1,3,0,3,3,2,2773
677,Sales,33,Master,2,3,0,6,3,5,7104
679,Research & Development,32,Master,2,3,1,6,2,6,6322
680,Research & Development,30,Bachelor,1,3,1,1,2,1,2083
682,Sales,53,Below College,2,3,7,18,2,14,8381
683,Research & Development,34,Doctor,1,3,1,10,4,10,2691
684,Sales,45,Master,2,3,2,5,4,1,4286
686,Research & Development,26,Bachelor,1,3,1,3,2,3,2659
689,Research & Development,37,Bachelor,3,3,1,10,2,10,9434
690,Sales,29,College,2,3,1,6,5,6,5561
691,Research & Development,35,Master,2,1,1,17,3,17,6646
692,Research & Development,33,Bachelor,2,3,3,15,2,13,7725
698,Human Resources,54,Master,3,3,2,16,1,9,10725
699,Research & Development,36,College,2,2,2,13,2,3,8847
700,Research & Development,27,Master,1,2,0,5,0,4,2045
701,Research & Development,20,Below College,1,3,1,1,5,1,1009
702,Research & Development,33,Bachelor,1,3,1,10,3,10,3348
704,Research & Development,35,Bachelor,1,2,1,1,3,1,1281
705,Research & Development,23,Bachelor,1,4,2,5,3,3,2819
707,Sales,25,Bachelor,2,4,0,4,4,3,4851
709,Sales,38,Master,2,2,0,8,2,7,4028
710,Research & Development,29,Master,1,1,1,10,5,10,2720
712,Sales,48,Below College,2,4,3,12,3,2,8120
714,Sales,27,Below College,2,4,1,6,3,6,4647
715,Research & Development,37,College,1,4,3,4,2,1,4680
716,Research & Development,50,Below College,1,4,1,20,3,20,3221
717,Research & Development,34,Bachelor,3,2,1,9,3,8,8621
720,Sales,24,College,2,3,9,4,3,2,4577
721,Research & Development,39,Master,2,2,1,20,4,20,4553
722,Sales,32,Bachelor,2,3,1,10,2,10,5396
723,Sales,50,College,2,3,3,18,4,4,6796
724,Research & Development,38,Master,2,4,0,10,4,9,7625
725,Research & Development,27,College,3,3,1,9,3,9,7412
727,Research & Development,32,College,3,3,3,10,6,7,11159
728,Sales,47,Master,2,3,2,20,2,7,4960
729,Sales,40,Master,3,2,5,20,2,18,10475
730,Research & Development,53,Bachelor,4,4,3,32,3,5,14814
731,Human Resources,41,Master,5,2,3,23,2,21,19141
732,Sales,60,Master,2,3,8,10,1,2,5405
733,Research & Development,27,College,3,3,1,9,4,9,8793
734,Human Resources,41,Bachelor,5,2,1,22,3,22,19189
738,Sales,50,Master,1,3,7,4,2,2,3875
741,Research & Development,28,College,1,1,7,10,4,7,2216
742,Research & Development,36,Bachelor,3,4,9,10,2,8,11713
743,Research & Development,38,Bachelor,3,3,4,10,4,1,7861
744,Research & Development,44,Bachelor,1,1,2,9,5,5,3708
746,Sales,47,Bachelor,4,3,9,28,2,22,13770
747,Sales,30,Doctor,2,3,7,10,2,8,5304
749,Sales,29,Bachelor,1,3,1,1,6,1,2642
752,Research & Development,42,Bachelor,1,4,6,7,2,2,2759
754,Sales,43,Bachelor,2,2,3,7,5,2,6804
757,Research & Development,34,College,2,3,3,10,2,5,6142
758,Research & Development,23,Below College,1,3,1,5,2,4,2500
760,Human Resources,39,Bachelor,2,4,9,12,3,8,6389
762,Research & Development,56,Bachelor,4,3,7,30,1,10,11103
763,Research & Development,40,Below College,1,2,0,5,2,4,2342
764,Research & Development,27,Bachelor,2,2,8,9,2,7,6811
766,Sales,29,Bachelor,1,3,1,2,2,2,2297
769,Research & Development,53,Bachelor,2,3,2,19,4,2,2450
771,Research & Development,35,Master,2,3,2,16,2,1,5093
772,Research & Development,32,Master,2,3,1,10,2,10,5309
773,Research & Development,38,Doctor,1,3,6,6,0,1,3057
775,Research & Development,34,Doctor,2,3,3,7,3,0,5121
776,Sales,52,Master,4,2,1,34,3,34,16856
780,Research & Development,33,Master,1,3,1,10,2,10,2686
781,Sales,25,Below College,2,3,1,6,5,6,6180
783,Sales,45,College,2,1,0,9,3,8,6632
784,Research & Development,23,Below College,1,4,1,2,3,2,3505
785,Sales,47,College,2,4,4,8,2,5,6397
786,Sales,34,Bachelor,2,3,1,6,5,6,6274
787,Research & Development,55,Bachelor,5,3,5,24,2,5,19859
789,Sales,36,Master,3,2,1,10,1,10,7587
791,Research & Development,52,Master,1,3,0,5,3,4,4258
792,Research & Development,26,College,1,1,3,5,2,2,4364
793,Research & Development,29,Bachelor,2,3,4,11,3,8,4335
796,Sales,26,Bachelor,2,2,6,6,2,4,5326
797,Research & Development,34,Master,1,4,2,10,2,4,3280
799,Research & Development,54,Master,2,3,9,9,4,5,5485
800,Sales,27,Below College,2,3,0,5,3,4,4342
802,Research & Development,37,Below College,1,3,0,6,3,5,2782
803,Research & Development,38,Master,2,4,6,17,2,15,5980
804,Research & Development,34,Master,1,2,1,6,3,6,4381
805,Sales,35,Master,1,3,1,3,1,3,2572
806,Research & Development,30,Bachelor,1,1,3,7,2,2,3833
807,Research & Development,40,College,2,4,1,8,2,8,4244
808,Sales,34,College,2,3,5,6,1,3,6500
809,Research & Development,42,Bachelor,5,3,1,24,4,24,18430
811,Research & Development,23,Bachelor,1,4,1,1,2,0,1601
812,Research & Development,24,Bachelor,1,2,1,1,4,1,2694
813,Research & Development,52,Master,2,3,8,9,3,5,3149
815,Research & Development,50,Bachelor,4,3,5,30,3,4,17639
816,Research & Development,29,College,1,2,1,1,1,1,2319
817,Research & Development,33,Bachelor,3,3,0,14,3,13,11691
819,Sales,33,Bachelor,2,3,5,6,3,3,5324
820,Research & Development,47,College,4,3,1,26,3,26,16752
823,Research & Development,36,Bachelor,2,3,0,10,2,9,5228
824,Research & Development,29,College,1,4,1,10,3,10,2700
825,Research & Development,58,Master,5,3,7,40,2,31,19246
826,Research & Development,35,Master,1,4,3,7,0,2,2506
827,Research & Development,42,College,2,2,9,8,4,4,6062
828,Research & Development,28,Master,1,3,6,5,3,2,4382
829,Human Resources,36,Bachelor,1,3,4,8,2,5,2143
830,Research & Development,32,Bachelor,2,2,1,14,3,14,6162
832,Research & Development,40,Master,2,2,6,10,6,1,5094
833,Research & Development,30,Bachelor,2,2,5,12,4,0,6877
834,Research & Development,45,Bachelor,1,2,1,1,3,1,2274
836,Research & Development,42,Bachelor,2,3,1,10,3,9,4434
837,Research & Development,38,Bachelor,2,2,2,13,3,4,6288
838,Research & Development,34,Master,1,2,1,6,3,5,2553
840,Sales,49,Bachelor,3,3,1,9,3,9,7654
842,Sales,55,Below College,2,3,4,12,3,9,5160
843,Research & Development,43,College,4,3,6,22,3,4,17159
844,Research & Development,27,Below College,3,2,1,9,3,9,12808
845,Research & Development,35,Bachelor,3,3,3,17,3,8,10221
846,Sales,28,Master,2,3,1,8,2,8,4779
847,Human Resources,34,College,1,3,0,4,1,3,3737
848,Research & Development,26,College,1,2,1,8,2,8,2366
850,Research & Development,27,Bachelor,1,3,1,0,6,0,1706
851,Sales,51,Master,4,3,2,29,2,20,16307
852,Research & Development,44,Bachelor,2,3,9,10,2,5,5933
854,Research & Development,25,Below College,1,4,7,6,3,4,3424
855,Sales,33,Bachelor,2,4,1,9,5,9,4037
856,Research & Development,35,Below College,1,2,1,6,3,6,2559
857,Sales,36,College,2,3,1,18,1,18,6201
859,Sales,32,Master,2,3,2,8,3,5,4403
861,Research & Development,30,Master,1,2,9,10,3,5,3761
862,Sales,53,College,3,2,7,35,3,5,10934
864,Sales,45,Bachelor,3,3,4,18,2,5,10761
865,Research & Development,32,College,2,4,5,9,3,5,5175
867,Research & Development,52,Master,4,2,3,31,3,9,13826
868,Sales,37,Master,2,2,4,9,2,1,6334
869,Human Resources,28,College,1,2,1,6,6,5,4936
872,Research & Development,22,College,2,2,6,4,2,2,4775
874,Research & Development,44,Master,1,4,2,10,2,3,2818
875,Research & Development,42,Below College,1,3,5,8,2,2,2515
878,Human Resources,36,Bachelor,1,2,0,6,3,5,2342
879,Sales,25,Below College,2,3,1,5,3,5,4194
880,Research & Development,35,Bachelor,3,2,1,17,2,17,10685
881,Research & Development,35,Master,1,3,1,10,3,10,2022
882,Research & Development,32,Bachelor,1,3,0,4,2,3,2314
885,Sales,25,Below College,2,2,1,5,1,5,4256
887,Research & Development,49,Bachelor,1,3,2,7,2,4,3580
888,Research & Development,24,Below College,1,2,0,6,2,5,3162
889,Sales,32,College,2,3,1,10,3,10,6524
893,Sales,38,Bachelor,1,2,0,3,3,2,2899
894,Research & Development,42,Bachelor,2,4,2,17,1,5,5231
895,Research & Development,31,Master,1,3,3,8,2,6,2356
896,Sales,29,Bachelor,1,2,6,5,3,3,2800
897,Sales,53,Bachelor,4,3,5,28,3,2,11836
899,Research & Development,35,Bachelor,3,2,3,16,2,13,10903
900,Sales,37,College,1,3,5,10,3,5,2973
901,Research & Development,53,Master,4,3,6,33,0,12,14275
902,Research & Development,43,Bachelor,2,3,4,12,2,5,5562
903,Sales,47,College,2,3,0,8,2,7,4537
904,Sales,37,College,3,3,1,10,2,10,7642
905,Research & Development,50,Master,4,3,1,31,3,31,17924
909,Human Resources,39,Bachelor,2,2,8,13,2,5,5204
910,Human Resources,33,College,1,3,3,7,4,4,2277
911,Research & Development,32,Master,1,3,1,1,2,1,2795
912,Research & Development,29,Below College,1,2,6,8,5,4,2532
913,Research & Development,44,College,1,3,1,8,0,8,2559
916,Sales,28,Master,2,3,1,4,3,4,4908
918,Research & Development,58,Below College,1,2,9,3,3,1,2380
920,Research & Development,43,Bachelor,2,3,4,4,2,1,4765
922,Sales,20,Bachelor,1,2,1,2,3,2,2044
923,Research & Development,21,Below College,1,3,1,1,3,1,2693
924,Research & Development,36,Below College,2,3,0,17,2,16,6586
925,Sales,47,Master,1,2,1,3,3,3,3294
926,Research & Development,22,Below College,2,3,0,4,3,3,4171
927,Research & Development,41,Master,1,1,4,10,1,7,2778
930,Research & Development,28,Bachelor,1,3,5,6,2,2,2377
932,Research & Development,39,Bachelor,1,3,7,8,2,2,2404
933,Research & Development,27,Bachelor,1,3,1,1,2,1,2318
934,Research & Development,34,Bachelor,1,3,1,1,3,1,2008
936,Sales,42,College,2,2,7,10,6,5,6244
939,Research & Development,33,Master,1,2,3,6,1,3,2799
940,Research & Development,58,Bachelor,3,2,2,24,3,6,10552
941,Sales,31,Master,1,2,3,13,2,7,2329
942,Research & Development,35,Below College,2,3,1,10,2,10,4014
944,Research & Development,49,College,3,3,4,29,3,26,7403
945,Research & Development,48,Master,1,3,4,13,2,0,2259
947,Sales,31,College,2,3,1,9,2,9,6932
949,Research & Development,36,Master,1,3,2,8,6,6,4678
950,Research & Development,38,Bachelor,3,3,1,15,3,15,13582
951,Research & Development,32,Bachelor,1,2,6,5,3,3,2332
952,Sales,25,College,1,2,1,1,2,1,2413
954,Sales,40,Master,3,2,2,11,2,1,9705
956,Sales,26,Bachelor,2,2,1,7,2,7,4294
957,Research & Development,41,Bachelor,1,3,2,20,3,18,4721
958,Research & Development,36,Master,1,3,4,16,6,11,2519
959,Sales,19,Bachelor,1,2,1,1,3,1,2121
960,Research & Development,20,Bachelor,1,3,1,1,2,1,2973
961,Research & Development,31,Bachelor,2,3,0,10,2,9,5855
964,Research & Development,40,Master,1,3,8,3,2,1,3617
966,Research & Development,32,Master,2,3,1,8,2,8,6725
967,Sales,36,Below College,3,2,1,16,6,16,10325
969,Research & Development,33,Bachelor,2,2,0,6,3,5,6949
970,Sales,37,Master,3,2,5,17,2,14,10609
972,Research & Development,45,College,2,3,1,9,5,9,4447
974,Sales,29,Bachelor,1,3,1,3,5,3,2157
975,Sales,35,Bachelor,2,3,1,5,3,5,4601
976,Research & Development,52,College,4,3,2,26,2,9,17099
977,Research & Development,58,Bachelor,1,3,4,7,4,1,2479
981,Sales,53,College,4,3,6,22,3,17,14852
982,Sales,30,College,3,3,5,10,2,8,7264
983,Sales,38,Bachelor,2,3,1,6,1,5,5666
984,Sales,35,Master,3,3,6,12,2,10,7823
985,Sales,39,Doctor,3,4,0,9,3,8,7880
986,Sales,40,Bachelor,4,4,4,22,2,1,13194
987,Research & Development,47,Master,2,4,1,20,3,19,5067
990,Sales,36,Master,2,3,4,12,3,7,5079
991,Research & Development,31,College,1,2,0,4,0,3,2321
992,Sales,33,Bachelor,4,3,1,10,2,10,17444
994,Research & Development,29,Bachelor,1,2,6,3,5,0,2404
995,Research & Development,33,Below College,1,3,3,5,4,3,3452
996,Research & Development,45,Master,1,3,3,8,2,5,2270
997,Research & Development,50,College,4,3,9,32,1,5,17399
998,Research & Development,33,Master,2,4,1,6,2,6,5488
999,Research & Development,41,Bachelor,5,3,2,21,2,18,19419
1001,Research & Development,27,Master,1,3,9,4,2,2,2811
1002,Research & Development,45,College,2,3,1,9,2,9,3633
1003,Sales,47,College,2,3,1,9,0,9,4163
1004,Research & Development,30,Bachelor,1,3,4,7,2,5,2132
1005,Research & Development,50,Bachelor,4,3,3,22,2,12,13973
1006,Research & Development,38,Below College,1,3,0,3,0,2,2684
1007,Research & Development,46,College,3,3,6,13,3,8,10845
1009,Research & Development,24,Below College,2,2,1,5,6,4,4377
1010,Research & Development,35,Master,1,2,1,5,2,4,3743
1011,Research & Development,31,Below College,2,3,1,4,1,4,4148
1012,Research & Development,18,College,1,3,1,0,2,0,1051
1013,Research & Development,54,Bachelor,3,3,8,22,2,10,10739
1014,Research & Development,35,Master,3,3,1,16,3,16,10388
1015,Research & Development,30,College,3,4,0,9,4,8,11416
1016,Research & Development,20,Bachelor,1,2,1,1,2,1,2600
1017,Research & Development,30,Bachelor,1,3,0,4,3,3,2422
1018,Research & Development,26,College,2,4,1,8,2,8,5472
1019,Research & Development,22,Below College,1,1,1,4,3,4,2451
1022,Research & Development,48,Bachelor,2,2,2,19,0,2,4240
1024,Research & Development,48,Master,3,2,7,27,3,15,10999
1025,Research & Development,41,College,2,3,6,8,6,2,5003
1026,Research & Development,39,Below College,4,2,1,21,3,21,12742
1027,Research & Development,27,Master,2,3,0,4,2,3,4227
1028,Research & Development,35,Bachelor,1,3,1,3,4,3,3917
1029,Sales,42,College,5,3,6,21,3,1,18303
1030,Research & Development,50,Bachelor,1,3,4,8,5,1,2380
1032,Research & Development,59,Bachelor,4,2,3,30,4,5,13726
1033,Research & Development,37,College,2,1,5,15,2,1,4777
1034,Research & Development,55,Master,2,3,3,17,3,8,6385
1035,Research & Development,41,Below College,5,1,1,21,3,21,19973
1036,Sales,38,Master,2,3,8,19,1,1,6861
1037,Sales,26,College,2,1,8,7,6,2,4969
1038,Sales,52,Below College,5,1,1,33,3,32,19845
1039,Sales,44,Bachelor,4,4,3,23,2,12,13320
1040,Sales,50,Bachelor,2,3,0,19,3,18,6347
1042,Research & Development,36,Master,1,4,1,18,1,17,2743
1043,Research & Development,39,Bachelor,3,3,1,21,2,21,10880
1044,Sales,33,Below College,1,2,0,3,2,2,2342
1045,Sales,45,College,4,3,3,26,4,9,17650
1046,Research & Development,32,Master,1,3,9,10,2,8,4025
1047,Sales,34,Master,2,4,0,16,2,15,9725
1048,Sales,59,College,3,3,3,14,1,6,11904
1049,Human Resources,45,Master,1,3,1,6,3,6,2177
1050,Sales,53,Bachelor,3,2,2,30,2,15,7525
1052,Research & Development,36,Bachelor,2,3,7,9,3,1,4834
1053,Research & Development,26,Bachelor,1,3,6,6,2,3,2042
1055,Sales,34,Master,1,3,1,1,2,1,2220
1056,Sales,28,Below College,1,3,1,1,5,1,1052
1060,Research & Development,38,Master,1,3,3,8,2,2,2821
1061,Research & Development,50,Master,5,3,2,29,2,8,19237
1062,Research & Development,37,Bachelor,2,3,3,8,3,4,4107
1066,Sales,40,Bachelor,2,3,1,8,3,7,8396
1068,Research & Development,26,Below College,1,2,1,5,5,5,2007
1069,Research & Development,46,Master,5,3,9,23,0,2,19627
1070,Sales,54,Master,3,2,6,13,4,9,10686
1071,Research & Development,56,Bachelor,1,3,2,18,4,5,2942
1073,Research & Development,36,Doctor,3,2,0,15,2,14,8858
1074,Research & Development,55,Below College,4,2,7,31,3,9,16756
1076,Sales,43,Bachelor,3,2,5,18,5,1,10798
1077,Sales,20,Bachelor,1,3,1,2,3,2,2323
1079,Research & Development,21,Bachelor,1,2,1,1,6,1,1416
1080,Research & Development,46,Master,2,2,8,19,2,16,4615
1081,Research & Development,51,Master,1,3,9,18,2,10,2461
1082,Research & Development,28,College,3,2,1,10,2,10,8722
1083,Research & Development,26,College,1,2,1,6,2,5,3955
1084,Research & Development,30,Bachelor,2,3,0,7,1,6,9957
1085,Research & Development,41,College,1,4,1,10,3,10,3376
1088,Research & Development,38,Below College,3,2,0,20,4,19,8823
1092,Research & Development,40,Master,3,3,4,14,6,11,10322
1094,Research & Development,27,Doctor,1,1,1,3,4,3,4621
1096,Research & Development,55,Below College,3,3,3,23,4,3,10976
1097,Research & Development,28,Bachelor,2,3,3,10,4,8,3660
1098,Human Resources,44,College,3,2,9,24,1,20,10482
1099,Research & Development,33,Bachelor,3,2,4,9,2,3,7119
1100,Sales,35,Bachelor,3,3,0,9,2,8,9582
1101,Research & Development,33,Master,2,2,1,14,4,13,4508
1102,Research & Development,28,College,1,3,1,4,5,4,2207
1103,Research & Development,34,Below College,2,3,0,7,1,6,7756
1105,Sales,37,Master,2,2,2,8,5,1,6694
1106,Research & Development,25,Below College,1,3,1,7,3,7,3691
1107,Research & Development,26,Bachelor,1,3,1,1,0,1,2377
1108,Research & Development,33,Bachelor,1,2,4,5,0,2,2313
1109,Research & Development,42,College,4,3,0,23,3,22,17665
1111,Research & Development,28,Bachelor,1,2,1,1,2,1,2596
1113,Sales,50,Master,2,3,3,5,4,0,4728
1114,Sales,33,Bachelor,2,3,0,4,3,3,4302
1115,Research & Development,34,Master,1,2,3,6,2,0,2979
1116,Research & Development,48,Master,4,4,2,27,3,5,16885
1117,Sales,45,Master,2,2,1,15,2,15,5593
1118,Research & Development,52,Master,3,3,7,18,4,8,10445
1119,Sales,38,Master,3,2,0,9,2,8,8740
1120,Research & Development,29,Master,1,3,4,11,1,7,2514
1121,Research & Development,28,Bachelor,3,3,0,10,3,9,7655
1124,Sales,46,Below College,4,3,3,23,3,12,17465
1125,Sales,38,College,3,3,7,10,2,1,7351
1126,Research & Development,43,Bachelor,3,3,8,18,1,8,10820
1127,Research & Development,39,Bachelor,4,3,7,21,4,18,12169
1128,Research & Development,40,Bachelor,5,2,1,21,2,20,19626
1131,Research & Development,21,Below College,1,2,1,2,6,2,2070
1132,Research & Development,39,Bachelor,2,3,9,9,2,5,6782
1133,Research & Development,36,Master,2,3,2,18,0,11,7779
1135,Sales,31,Bachelor,1,4,0,3,4,2,2791
1136,Research & Development,28,Below College,1,2,0,6,2,5,3201
1137,Sales,35,College,2,3,1,5,3,5,4968
1138,Sales,49,Master,4,2,6,22,3,9,13120
1140,Research & Development,34,College,2,3,2,5,3,3,4033
1143,Research & Development,29,Bachelor,1,3,0,8,2,7,3291
1148,Research & Development,42,Bachelor,2,1,4,16,3,1,4272
1150,Research & Development,29,Below College,2,2,1,10,2,10,5056
1152,Human Resources,38,Bachelor,1,4,1,7,2,7,2844
1154,Research & Development,28,Bachelor,1,2,1,3,2,3,2703
1156,Research & Development,18,Below College,1,3,1,0,0,0,1904
1157,Sales,33,Master,2,3,0,6,3,5,8224
1158,Research & Development,41,Master,1,3,3,6,4,1,4766
1160,Research & Development,31,Bachelor,1,3,1,2,5,2,2610
1161,Research & Development,37,College,2,2,7,9,2,6,5731
1162,Research & Development,27,Bachelor,1,2,1,4,0,4,2539
1163,Sales,34,Below College,2,3,1,6,3,6,5714
1164,Human Resources,35,Master,1,3,1,6,2,5,4323
1165,Sales,29,Below College,3,2,1,11,3,11,7336
1166,Research & Development,40,Master,3,3,9,20,3,18,13499
1167,Sales,42,Bachelor,4,3,0,22,2,21,13758
1171,Sales,42,Master,2,3,7,9,3,6,5155
1172,Research & Development,35,Master,1,2,6,10,2,8,2258
1173,Research & Development,24,Bachelor,1,3,8,6,2,4,3597
1175,Research & Development,28,Below College,1,3,1,1,4,1,2515
1177,Research & Development,26,Master,1,4,1,8,2,8,4420
1179,Sales,30,Bachelor,2,2,1,10,3,10,6578
1180,Research & Development,40,College,2,2,3,16,3,1,4422
1182,Research & Development,35,Bachelor,3,2,2,15,2,7,10274
1184,Research & Development,34,Bachelor,2,2,0,14,3,13,5343
1185,Research & Development,35,Master,1,2,1,2,2,2,2376
1188,Sales,43,Bachelor,2,1,8,7,2,4,5346
1190,Sales,32,Below College,1,3,1,1,3,1,2827
1191,Research & Development,56,Master,5,3,4,28,2,5,19943
1192,Research & Development,29,Below College,1,3,1,10,5,10,3131
1193,Research & Development,19,College,1,3,1,1,4,1,2552
1195,Research & Development,45,Bachelor,1,3,4,7,2,3,4477
1196,Research & Development,37,Bachelor,2,2,1,14,2,14,6474
1198,Research & Development,20,Bachelor,1,2,1,2,2,2,3033
1200,Research & Development,44,Master,1,3,1,6,4,6,2936
1201,Research & Development,53,College,5,3,3,26,6,7,18606
1202,Research & Development,29,Below College,1,1,0,6,2,5,2168
1203,Research & Development,22,Master,1,2,0,1,5,0,2853
1204,Sales,46,Bachelor,4,3,8,28,2,26,17048
1206,Research & Development,44,Bachelor,1,1,2,6,3,0,2290
1207,Human Resources,33,Bachelor,1,3,1,5,2,5,3600
1210,Research & Development,41,College,1,2,6,5,2,1,2107
1211,Sales,30,Master,2,3,8,8,3,4,4115
1212,Sales,40,Master,2,3,5,5,2,0,4327
1215,Research & Development,50,Bachelor,4,3,2,32,3,2,17856
1216,Research & Development,28,Master,1,2,1,6,2,6,3196
1217,Research & Development,46,College,5,3,5,25,2,4,19081
1218,Sales,35,Master,2,3,3,15,2,7,8966
1219,Research & Development,24,College,1,3,1,1,3,1,2210
1220,Sales,33,Bachelor,2,3,1,10,3,10,4539
1221,Research & Development,36,Master,1,1,1,7,4,7,2741
1224,Research & Development,30,Master,2,3,1,10,4,10,3491
1225,Research & Development,44,Master,2,3,1,20,3,20,4541
1226,Sales,20,Bachelor,1,4,1,2,2,2,2678
1228,Research & Development,46,Master,2,3,2,12,3,6,7379
1231,Human Resources,42,Doctor,2,4,7,10,3,4,6272
1233,Sales,60,Master,2,4,0,12,3,11,5220
1234,Research & Development,32,Bachelor,1,2,1,2,2,2,2743
1235,Research & Development,32,College,2,3,4,10,2,8,4998
1237,Research & Development,36,Bachelor,3,1,2,17,2,7,10252
1238,Research & Development,33,Bachelor,1,3,0,15,5,14,2781
1239,Sales,40,Bachelor,2,2,7,7,2,5,6852
1240,Sales,25,Master,2,3,0,5,4,4,4950
1241,Research & Development,30,Bachelor,1,3,0,12,2,11,3579
1242,Research & Development,42,Doctor,3,3,3,20,6,1,13191
1243,Sales,35,College,3,2,4,16,6,13,10377
1244,Research & Development,27,Bachelor,1,3,1,9,3,9,2235
1245,Research & Development,54,Master,3,3,7,33,2,5,10502
1246,Research & Development,44,Below College,1,4,1,10,5,10,2011
1248,Research & Development,19,Bachelor,1,2,1,1,2,1,1859
1249,Research & Development,29,Bachelor,1,3,1,3,5,3,3760
1250,Research & Development,54,Bachelor,4,3,3,36,2,10,17779
1251,Research & Development,31,College,2,3,1,6,2,6,6833
1252,Research & Development,31,Bachelor,2,2,1,10,2,10,6812
1254,Sales,59,Bachelor,2,2,5,13,2,6,5171
1255,Research & Development,43,Bachelor,5,1,3,25,2,8,19740
1256,Research & Development,49,College,5,2,2,23,2,1,18711
1257,Research & Development,36,Bachelor,1,3,1,12,2,11,3692
1258,Research & Development,48,College,1,4,5,7,4,1,2559
1259,Research & Development,27,College,1,3,1,5,2,5,2517
1260,Research & Development,29,Bachelor,2,3,1,6,2,6,6623
1263,Research & Development,48,Bachelor,5,2,6,25,3,1,18265
1264,Research & Development,29,Bachelor,4,2,3,9,2,7,16124
1265,Research & Development,34,Bachelor,1,4,0,2,5,1,2585
1267,Sales,44,Bachelor,5,3,7,26,5,22,18213
1268,Sales,33,Doctor,3,4,0,10,3,9,8380
1269,Research & Development,19,Bachelor,1,4,1,1,2,1,2994
1270,Research & Development,23,College,1,3,1,1,2,1,1223
1273,Sales,25,Below College,1,1,1,1,4,1,1118
1275,Research & Development,26,College,1,3,1,8,2,8,2875
1277,Sales,45,Bachelor,5,1,2,26,2,24,18824
1278,Research & Development,55,Below College,4,2,1,34,3,33,13577
1279,Research & Development,21,College,1,2,1,2,2,2,2625
1280,Sales,46,College,5,2,2,26,2,11,18789
1281,Sales,34,Bachelor,2,3,0,4,3,3,4538
1282,Sales,51,Bachelor,5,3,4,31,5,29,19847
1283,Research & Development,59,Master,3,3,6,25,6,9,10512
1285,Research & Development,34,Bachelor,2,3,4,15,2,11,4444
1286,Research & Development,28,Master,1,3,0,5,2,4,2154
1288,Research & Development,44,College,5,4,1,26,4,25,19190
1289,Human Resources,34,Bachelor,2,2,4,14,5,10,4490
1291,Research & Development,35,Below College,1,3,0,4,3,3,3506
1292,Research & Development,42,Master,2,4,6,18,2,1,2372
1293,Sales,43,Master,3,2,3,23,3,21,10231
1294,Research & Development,36,Master,2,3,9,18,2,16,5410
1295,Research & Development,44,Bachelor,3,3,1,10,2,10,7978
1296,Research & Development,28,Bachelor,1,2,1,2,2,2,3867
1297,Research & Development,51,College,1,2,0,8,6,7,2838
1298,Research & Development,30,College,2,3,7,10,3,8,4695
1299,Research & Development,29,Bachelor,1,3,3,10,2,7,3339
1301,Research & Development,28,Bachelor,1,3,2,5,2,3,2080
1303,Research & Development,25,Bachelor,1,3,1,2,3,2,2096
1304,Sales,32,Bachelor,2,4,1,10,4,10,6209
1306,Research & Development,45,Bachelor,5,3,3,22,4,0,18061
1307,Research & Development,39,Master,4,2,6,21,4,19,17123
1308,Research & Development,58,Master,1,3,1,2,3,2,2372
1309,Research & Development,32,College,2,3,1,10,3,10,4883
1310,Research & Development,39,Bachelor,1,3,0,6,2,5,3904
1311,Research & Development,30,Bachelor,2,2,0,10,6,9,4627
1312,Research & Development,36,Master,3,3,3,10,0,7,7094
1314,Human Resources,46,College,1,3,6,10,3,7,3423
1315,Research & Development,28,Bachelor,2,1,0,10,6,9,6674
1317,Research & Development,50,Bachelor,4,3,4,25,2,3,16880
1318,Sales,40,Master,3,2,2,9,2,5,9094
1319,Sales,52,Bachelor,3,3,9,10,2,8,8446
1321,Research & Development,30,Master,3,3,1,9,2,9,11916
1322,Research & Development,39,College,2,3,0,9,6,8,4534
1324,Sales,31,Master,3,3,1,10,5,10,9852
1329,Sales,41,College,2,1,1,19,4,19,6151
1331,Sales,31,Bachelor,1,3,1,3,2,3,2302
1333,Research & Development,44,Bachelor,1,3,4,10,4,3,2362
1334,Research & Development,42,Below College,4,3,0,21,3,20,17861
1336,Research & Development,55,College,5,1,4,23,5,19,19187
1338,Human Resources,56,Master,5,3,6,36,4,7,19717
1340,Research & Development,40,College,1,3,9,6,0,4,3544
1344,Research & Development,34,Bachelor,3,3,0,10,0,9,8500
1346,Research & Development,40,Bachelor,2,3,1,9,4,9,4661
1349,Sales,41,Bachelor,2,3,0,10,2,9,4103
1350,Research & Development,35,Master,2,3,1,9,3,9,4249
1352,Human Resources,51,Bachelor,4,3,1,33,2,33,14026
1355,Sales,38,College,2,3,3,11,3,7,6893
1356,Sales,34,College,2,3,1,10,6,10,6125
1358,Research & Development,25,Below College,1,3,3,7,6,3,3669
1360,Research & Development,58,Master,3,2,7,31,0,10,10008
1361,Research & Development,40,Master,1,3,3,7,3,4,2387
1362,Sales,36,Bachelor,2,4,2,17,2,15,4639
1363,Research & Development,48,Bachelor,3,3,1,11,2,10,7898
1364,Sales,27,Bachelor,1,4,8,5,4,1,2534
1367,Research & Development,51,College,4,2,3,29,1,5,13142
1368,Research & Development,18,Bachelor,1,3,1,0,5,0,1611
1369,Research & Development,35,Bachelor,2,2,0,10,0,9,5363
1371,Sales,27,Below College,2,1,3,8,3,6,5071
1372,Sales,55,Master,4,4,6,24,2,19,13695
1373,Research & Development,56,Bachelor,4,3,4,33,0,19,13402
1374,Research & Development,34,Below College,1,2,1,5,2,5,2029
1375,Research & Development,40,Below College,2,4,5,15,0,12,6377
1377,Research & Development,34,Bachelor,2,3,4,10,1,8,5429
1379,Sales,31,Bachelor,1,2,7,3,3,1,2785
1380,Sales,35,Master,2,3,0,5,0,4,4614
1382,Research & Development,38,Bachelor,1,4,1,4,2,4,2610
1383,Research & Development,34,Master,2,3,1,14,2,14,6687
1387,Sales,28,Bachelor,2,2,1,5,0,5,4724
1389,Research & Development,31,Master,2,3,1,10,3,10,6179
1390,Sales,39,Master,2,2,3,8,2,5,6120
1391,Sales,51,Bachelor,3,3,2,14,5,4,10596
1392,Research & Development,41,Bachelor,2,3,3,12,4,6,5467
1394,Research & Development,37,Below College,1,3,7,8,2,6,2996
1395,Sales,33,Below College,2,3,6,8,2,5,9998
1396,Sales,32,Below College,2,3,0,4,3,3,4078
1397,Research & Development,39,College,3,3,3,13,2,6,10920
1399,Sales,25,Below College,2,4,2,6,3,3,6232
1401,Research & Development,52,College,4,4,2,24,3,5,13247
1402,Research & Development,43,Bachelor,2,2,1,20,3,20,4081
1403,Sales,27,Bachelor,2,2,1,6,3,6,5769
1405,Research & Development,27,Master,1,3,1,8,2,8,2394
1407,Research & Development,26,Below College,1,2,0,5,2,4,3904
1408,Human Resources,42,Bachelor,4,3,0,21,5,20,16799
1409,Research & Development,52,Master,1,3,9,12,2,5,2950
1411,Research & Development,37,Bachelor,1,3,4,8,6,3,3629
1412,Research & Development,35,College,3,3,2,10,2,2,9362
1415,Research & Development,25,Bachelor,1,3,4,7,2,3,3229
1417,Research & Development,26,Bachelor,1,4,0,8,2,7,3578
1419,Human Resources,29,Bachelor,3,2,1,10,3,10,7988
1420,Research & Development,49,College,2,2,3,20,2,4,4284
1421,Research & Development,29,Below College,3,3,0,9,1,8,7553
1422,Research & Development,54,Bachelor,4,3,6,29,3,20,17328
1423,Research & Development,58,Bachelor,5,3,3,32,3,9,19701
1424,Research & Development,55,Master,4,4,2,31,4,7,14732
1425,Sales,36,Master,2,3,3,15,3,5,9278
1427,Sales,31,Master,1,1,1,1,3,1,1359
1428,Sales,30,Master,2,3,7,8,3,3,4779
1430,Research & Development,31,Doctor,4,3,3,9,3,3,16422
1431,Research & Development,34,Master,1,3,5,10,2,4,2996
1433,Research & Development,31,Bachelor,1,2,1,1,3,1,1261
1434,Research & Development,27,Below College,1,3,0,6,3,5,2099
1435,Research & Development,36,Master,2,2,1,10,2,10,5810
1436,Sales,36,Master,2,2,4,11,3,3,5647
1438,Research & Development,47,Bachelor,1,3,7,17,2,6,3420
1439,Sales,25,College,1,2,3,6,2,3,4400
1440,Research & Development,37,College,1,4,0,7,2,6,3500
1441,Research & Development,56,College,1,3,2,5,3,3,2066
1443,Research & Development,47,Master,4,3,3,26,2,20,17169
1445,Sales,24,Below College,2,3,1,5,3,5,4162
1446,Sales,32,Doctor,2,3,4,7,3,4,9204
1447,Research & Development,34,Bachelor,1,2,5,7,2,5,3294
1448,Research & Development,41,Doctor,1,4,2,7,5,4,2127
1449,Research & Development,40,Master,2,3,3,11,2,8,3975
1453,Sales,31,College,3,3,1,13,5,13,10793
1457,Sales,46,Bachelor,3,3,4,28,1,7,10096
1458,Research & Development,39,Bachelor,1,2,2,11,2,1,3646
1459,Research & Development,31,Doctor,3,4,1,10,2,10,7446
1460,Research & Development,45,Bachelor,3,1,2,24,2,7,10851
1461,Human Resources,31,College,1,4,9,8,3,3,2109
1464,Research & Development,31,Bachelor,1,3,6,7,2,2,3722
1465,Research & Development,45,Bachelor,3,3,4,10,4,3,9380
1466,Sales,48,Bachelor,2,3,4,15,3,2,5486
1467,Human Resources,34,Master,1,3,1,2,0,2,2742
1468,Research & Development,40,Below College,3,2,2,16,5,9,13757
1469,Sales,28,Bachelor,2,3,0,6,4,5,8463
1471,Research & Development,44,Bachelor,1,2,3,7,5,5,3162
1472,Research & Development,53,Bachelor,4,4,4,35,2,9,16598
1473,Research & Development,49,Master,2,3,2,20,0,3,6651
1474,Research & Development,40,Bachelor,1,3,2,8,3,3,2345
1475,Research & Development,44,Bachelor,1,3,1,6,3,5,3420
1477,Sales,33,Bachelor,2,3,0,5,2,4,4373
1478,Sales,34,Bachelor,2,1,3,15,2,13,4759
1479,Sales,30,Below College,2,3,8,4,2,2,5301
1480,Research & Development,42,College,1,3,1,12,3,12,3673
1481,Sales,44,Doctor,2,3,7,11,4,1,4768
1482,Research & Development,30,Bachelor,1,3,1,1,2,1,1274
1483,Research & Development,57,College,2,4,0,13,2,12,4900
1484,Research & Development,49,Master,3,3,3,29,3,8,10466
1485,Research & Development,34,Bachelor,4,3,7,16,3,14,17007
1486,Sales,28,Bachelor,1,3,3,5,3,3,2909
1487,Sales,29,Bachelor,2,3,5,7,4,5,5765
1489,Sales,34,Master,2,2,0,16,2,15,4599
1492,Sales,35,Below College,1,3,1,1,3,1,2404
1494,Research & Development,24,Bachelor,1,3,2,4,2,0,3172
1495,Sales,24,College,1,3,1,1,2,1,2033
1496,Research & Development,44,Below College,3,3,5,16,2,2,10209
1497,Sales,29,Bachelor,2,2,1,10,3,10,8620
1499,Human Resources,30,Bachelor,1,3,0,6,3,5,2064
1501,Research & Development,55,Master,2,3,0,4,2,3,4035
1502,Research & Development,33,Master,1,2,8,8,5,5,3838
1503,Sales,47,Bachelor,2,3,3,11,4,5,4591
1504,Research & Development,28,College,1,2,7,8,2,0,2561
1506,Research & Development,28,Bachelor,1,2,1,1,2,1,1563
1507,Sales,28,Bachelor,2,3,0,5,5,4,4898
1509,Research & Development,49,College,2,2,4,10,3,3,4789
1513,Research & Development,29,Below College,1,3,0,4,3,3,3180
1514,Research & Development,28,Below College,2,1,1,8,2,8,6549
1515,Research & Development,33,Doctor,2,3,2,14,6,0,6388
1516,Research & Development,32,Bachelor,3,3,2,10,5,5,11244
1520,Research & Development,54,Master,4,3,3,26,2,14,16032
1522,Research & Development,29,Master,1,2,6,11,2,9,2362
1523,Research & Development,44,Bachelor,4,3,3,24,1,20,16328
1525,Research & Development,39,Bachelor,3,3,4,9,3,2,8376
1527,Sales,46,Bachelor,4,3,8,23,2,13,16606
1529,Research & Development,35,Bachelor,3,2,1,11,3,11,8606
1533,Research & Development,23,Below College,2,3,0,5,2,4,2272
1534,Research & Development,40,Master,1,3,3,15,3,5,2018
1535,Sales,34,Bachelor,3,2,1,10,3,10,7083
1537,Research & Development,31,Bachelor,1,3,1,7,2,7,4084
1539,Research & Development,50,Doctor,4,1,1,32,2,32,14411
1541,Sales,34,College,1,3,0,12,4,11,2308
1542,Research & Development,42,Bachelor,1,2,4,4,3,1,4841
1543,Research & Development,37,Bachelor,2,3,1,10,2,10,4285
1544,Research & Development,29,Below College,2,1,3,9,3,7,9715
1545,Research & Development,33,Bachelor,2,2,1,5,2,5,4320
1546,Research & Development,45,Bachelor,1,3,4,8,3,5,2132
1547,Research & Development,42,Bachelor,3,3,2,24,3,20,10124
1548,Sales,40,College,2,3,0,9,5,8,5473
1549,Research & Development,33,Master,2,3,1,15,3,15,5207
1550,Human Resources,40,College,4,3,1,21,2,21,16437
1551,Research & Development,24,College,1,2,0,2,3,1,2296
1552,Research & Development,40,College,2,3,3,8,2,2,4069
1553,Research & Development,45,Master,3,3,1,10,4,10,7441
1554,Sales,35,Master,1,2,0,6,5,5,2430
1555,Research & Development,32,College,2,2,3,12,2,7,5878
1556,Sales,36,Master,1,3,3,7,3,3,2644
1557,Sales,48,Master,2,3,8,18,2,8,6439
1558,Research & Development,29,Bachelor,1,4,6,5,2,1,2451
1560,Sales,33,Master,2,3,2,8,6,2,6392
1562,Sales,30,Bachelor,2,2,1,10,4,10,9714
1563,Human Resources,38,Master,2,3,3,10,2,6,6077
1564,Research & Development,35,Bachelor,1,2,1,3,3,3,2450
1568,Sales,30,Master,3,3,3,9,3,4,9250
1569,Research & Development,35,Bachelor,1,3,1,1,2,1,2074
1572,Research & Development,53,Doctor,3,2,0,34,4,33,10169
1573,Research & Development,38,Bachelor,2,3,4,7,2,5,4855
1574,Research & Development,32,Master,2,3,4,9,3,6,4087
1576,Research & Development,48,Master,1,3,8,10,3,8,2367
1577,Research & Development,34,Master,1,3,1,1,4,1,2972
1578,Sales,55,Doctor,5,2,1,36,3,36,19586
1580,Research & Development,34,Master,2,3,9,9,3,2,5484
1581,Research & Development,26,Bachelor,1,3,1,1,5,1,2061
1582,Sales,38,Bachelor,2,3,0,10,3,9,9924
1583,Sales,38,Bachelor,2,3,2,8,5,3,4198
1585,Sales,36,Master,2,3,6,15,5,1,6815
1586,Research & Development,29,Below College,1,3,1,10,3,10,4723
1587,Research & Development,35,Master,2,3,3,10,4,5,6142
1588,Sales,39,Bachelor,3,4,2,11,3,7,8237
1590,Research & Development,29,Below College,2,3,1,6,0,6,8853
1591,Sales,50,Bachelor,5,3,4,27,2,1,19331
1592,Research & Development,23,Bachelor,1,4,2,4,2,2,2073
1594,Research & Development,36,Master,2,4,3,9,3,3,5562
1595,Research & Development,42,College,5,2,8,24,2,1,19613
1596,Research & Development,35,Bachelor,2,4,1,10,3,10,3407
1597,Research & Development,34,Master,2,2,1,8,3,8,5063
1598,Sales,40,College,2,3,1,5,2,5,4639
1599,Research & Development,43,Bachelor,1,4,5,8,0,6,4876
1601,Research & Development,35,College,1,2,1,1,5,1,2690
1602,Sales,46,Master,4,4,1,27,5,26,17567
1604,Research & Development,28,Bachelor,1,3,1,1,3,1,2408
1605,Research & Development,22,College,1,2,1,4,2,4,2814
1606,Research & Development,50,Doctor,4,3,2,32,3,30,11245
1607,Research & Development,32,Master,1,4,3,6,3,3,3312
1608,Research & Development,44,Bachelor,5,3,0,23,4,22,19049
1609,Research & Development,30,Bachelor,1,2,1,6,3,6,2141
1611,Research & Development,45,Doctor,2,1,1,10,3,10,5769
1612,Sales,45,Bachelor,2,2,1,10,2,10,4385
1613,Sales,31,Master,2,3,7,10,3,5,5332
1614,Research & Development,36,Master,2,3,9,7,2,3,4663
1615,Research & Development,34,Master,2,4,1,9,3,9,4724
1617,Research & Development,49,Master,1,3,1,10,3,9,3211
1618,Research & Development,39,Doctor,2,3,2,10,3,7,5377
1619,Research & Development,27,Bachelor,1,2,1,7,3,7,4066
1621,Research & Development,35,Doctor,2,4,1,16,2,16,5208
1622,Research & Development,28,Bachelor,2,1,0,6,5,5,4877
1623,Research & Development,21,Below College,1,3,1,3,2,2,3117
1624,Sales,18,College,1,3,1,0,2,0,1569
1625,Human Resources,47,Master,5,3,3,27,2,5,19658
1627,Research & Development,39,College,2,2,0,11,3,10,3069
1628,Research & Development,40,Bachelor,3,2,1,18,2,18,10435
1630,Research & Development,35,Master,2,3,1,15,5,14,4148
1631,Research & Development,37,Bachelor,2,3,3,9,2,4,5768
1633,Research & Development,39,Bachelor,2,3,0,10,2,9,5042
1635,Research & Development,45,College,2,2,1,10,3,10,5770
1638,Research & Development,38,College,3,2,3,10,6,5,7756
1639,Sales,35,Bachelor,3,2,9,15,3,13,10306
1640,Research & Development,37,Bachelor,1,3,1,8,2,8,3936
1641,Research & Development,40,Bachelor,3,3,6,18,2,4,7945
1642,Human Resources,44,Doctor,2,3,4,14,3,10,5743
1644,Research & Development,48,Doctor,4,2,2,23,3,2,15202
1645,Sales,35,College,2,1,6,7,2,2,5440
1646,Research & Development,24,Below College,1,3,1,6,2,6,3760
1647,Research & Development,27,Bachelor,1,4,7,5,0,3,3517
1648,Research & Development,27,Bachelor,1,3,2,6,0,4,2580
1649,Research & Development,40,Bachelor,1,3,3,10,3,4,2166
1650,Sales,29,Bachelor,2,2,9,8,2,5,5869
1651,Research & Development,36,Master,3,3,4,9,6,3,8008
1653,Research & Development,25,Below College,2,4,1,7,6,7,5206
1654,Research & Development,39,Bachelor,2,3,4,7,3,5,5295
1655,Research & Development,49,Master,4,3,3,27,2,4,16413
1656,Research & Development,50,Doctor,3,2,5,19,3,14,13269
1657,Sales,20,Bachelor,1,3,1,2,3,2,2783
1658,Research & Development,34,Bachelor,2,3,1,11,2,11,5433
1659,Research & Development,36,Bachelor,1,3,2,15,4,4,2013
1661,Research & Development,49,Below College,4,2,2,30,3,15,13966
1662,Research & Development,36,Master,2,2,0,4,6,3,4374
1664,Research & Development,36,College,2,4,6,13,3,5,6842
1665,Research & Development,54,Doctor,4,3,3,36,6,10,17426
1666,Research & Development,43,College,4,2,1,14,3,14,17603
1667,Sales,35,Master,2,3,3,13,2,11,4581
1668,Research & Development,38,Bachelor,2,3,7,19,4,13,4735
1669,Sales,29,Bachelor,2,2,1,10,3,10,4187
1670,Sales,33,Master,2,3,1,6,5,6,5505
1671,Research & Development,32,Bachelor,2,3,0,10,4,9,5470
1673,Sales,31,Master,2,3,1,10,2,10,5476
1674,Research & Development,49,Bachelor,1,3,4,17,2,2,2587
1675,Research & Development,38,Bachelor,1,2,1,4,3,4,2440
1676,Sales,47,Master,4,4,6,29,2,3,15972
1677,Research & Development,49,Bachelor,4,3,4,23,2,8,15379
1678,Sales,41,College,3,3,3,21,2,2,7082
1680,Sales,20,Below College,1,3,1,2,3,2,2728
1681,Sales,33,Bachelor,2,3,1,7,2,6,5368
1682,Research & Development,36,Master,2,3,6,10,2,3,5347
1683,Human Resources,44,Bachelor,1,3,4,8,2,2,3195
1684,Research & Development,23,Below College,1,2,1,5,2,5,3989
1687,Research & Development,38,College,1,3,7,7,5,0,3306
1689,Research & Development,53,Master,3,4,3,11,2,4,7005
1691,Sales,48,College,1,3,2,19,3,9,2655
1692,Research & Development,32,Master,1,3,1,1,2,1,1393
1693,Research & Development,26,Bachelor,1,3,1,7,5,7,2570
1694,Research & Development,55,Bachelor,1,2,5,8,1,4,3537
1696,Research & Development,34,College,2,2,1,15,3,15,3986
1697,Research & Development,60,Master,3,1,3,19,2,1,10883
1698,Research & Development,33,Bachelor,1,4,1,14,6,14,2028
1700,Sales,37,Master,2,1,1,6,2,6,9525
1701,Research & Development,34,Bachelor,1,2,1,10,3,10,2929
1702,Sales,23,Bachelor,1,3,1,3,2,3,2275
1703,Research & Development,44,Bachelor,3,4,1,9,2,8,7879
1704,Research & Development,35,Master,1,2,0,6,2,5,4930
1706,Sales,43,Bachelor,2,3,1,10,3,10,7847
1707,Research & Development,24,Bachelor,1,4,1,5,1,5,4401
1708,Sales,41,Bachelor,3,3,1,10,3,10,9241
1709,Research & Development,29,Master,1,3,9,9,2,5,2974
1710,Sales,36,Master,2,3,3,17,2,13,4502
1712,Research & Development,45,Below College,3,2,3,25,3,23,10748
1714,Human Resources,24,Below College,1,1,1,1,2,1,1555
1716,Sales,47,Bachelor,4,1,7,25,3,23,12936
1718,Research & Development,26,Master,1,1,1,3,3,3,2305
1719,Research & Development,45,College,4,2,1,21,2,21,16704
1720,Research & Development,32,Bachelor,1,3,6,10,3,5,3433
1721,Research & Development,31,Master,1,3,1,6,2,5,3477
1722,Human Resources,41,Bachelor,2,1,6,10,4,3,6430
1724,Research & Development,40,College,2,3,2,18,3,1,6516
1725,Research & Development,24,Below College,1,3,1,6,2,6,3907
1727,Research & Development,46,Master,2,3,6,19,3,10,5562
1728,Research & Development,35,Master,2,3,2,17,3,7,6883
1729,Research & Development,30,Below College,1,3,1,10,2,10,2862
1731,Sales,47,Master,2,3,7,4,3,1,4978
1732,Sales,46,Bachelor,3,3,4,13,5,10,10368
1733,Sales,36,Doctor,2,2,5,16,3,2,6134
1734,Sales,32,College,2,1,6,10,2,0,6735
1735,Research & Development,23,Below College,1,3,1,3,3,3,3295
1736,Research & Development,31,Below College,2,3,2,9,3,5,5238
1737,Research & Development,39,Bachelor,2,3,1,9,2,9,6472
1739,Sales,32,Bachelor,3,1,3,10,2,4,9610
1740,Sales,40,Master,5,3,1,21,3,21,19833
1744,Human Resources,45,Bachelor,3,1,4,9,2,5,9756
1745,Research & Development,30,Master,1,2,0,10,2,9,4968
1746,Human Resources,24,Bachelor,1,3,0,3,2,2,2145
1747,Human Resources,30,Bachelor,1,2,6,6,0,4,2180
1749,Sales,31,Bachelor,2,3,1,6,3,5,8346
1751,Research & Development,27,Bachelor,1,3,1,6,5,6,3445
1752,Sales,29,Bachelor,1,1,1,2,3,2,2760
1753,Research & Development,29,Bachelor,2,4,8,10,5,3,6294
1754,Sales,30,College,3,2,2,12,2,7,7140
1755,Research & Development,34,Master,1,4,0,6,3,5,2932
1756,Sales,33,Bachelor,2,3,8,13,2,11,5147
1757,Sales,49,Master,2,3,3,8,1,5,4507
1758,Sales,33,Bachelor,3,3,2,11,2,0,8564
1760,Research & Development,38,College,1,2,4,9,4,6,2468
1761,Sales,31,Master,3,3,2,10,2,1,8161
1762,Research & Development,29,Bachelor,1,2,1,1,2,1,2109
1763,Research & Development,30,Bachelor,2,4,3,10,3,7,5294
1764,Research & Development,32,Master,1,3,2,12,3,7,2718
1766,Research & Development,38,Bachelor,2,1,3,15,2,1,5811
1767,Research & Development,43,Bachelor,1,2,9,6,4,1,2437
1768,Research & Development,42,Bachelor,1,3,8,7,6,5,2766
1770,Research & Development,55,Bachelor,5,2,8,34,2,1,19038
1771,Research & Development,33,Bachelor,2,3,5,11,2,9,3055
1772,Research & Development,41,Master,1,3,1,5,2,5,2289
1774,Sales,34,Bachelor,2,3,1,15,3,15,4001
1775,Research & Development,53,Master,4,2,4,27,2,3,12965
1778,Human Resources,43,Bachelor,1,3,0,10,5,9,3539
1779,Sales,34,College,2,1,5,6,3,2,6029
1780,Sales,21,Below College,1,3,1,1,3,1,2679
1782,Research & Development,38,College,1,2,1,5,3,5,3702
1783,Research & Development,22,Below College,1,3,1,1,6,1,2398
1784,Sales,31,Master,2,2,1,13,3,12,5468
1786,Research & Development,51,Bachelor,3,3,2,15,2,2,13116
1787,Sales,37,College,2,2,1,5,2,5,4189
1789,Research & Development,46,Master,5,3,7,24,3,2,19328
1790,Research & Development,36,Bachelor,3,3,7,15,1,12,8321
1792,Research & Development,44,College,1,3,1,6,2,5,2342
1794,Human Resources,37,College,2,3,2,19,4,10,4071
1797,Sales,35,Bachelor,2,3,1,10,2,10,5813
1798,Research & Development,33,Master,1,4,6,14,1,10,3143
1799,Research & Development,28,Bachelor,1,3,1,5,6,5,2044
1800,Research & Development,39,Below College,3,3,7,9,3,4,13464
1801,Sales,46,College,2,2,8,6,3,2,7991
1802,Research & Development,40,College,1,3,4,7,5,4,3377
1803,Research & Development,42,Bachelor,2,4,5,10,2,0,5538
1804,Research & Development,35,College,2,3,2,15,6,7,5762
1805,Human Resources,38,Bachelor,1,3,5,13,3,11,2592
1807,Research & Development,34,Master,2,3,4,11,3,7,5346
1809,Research & Development,37,Master,2,3,1,10,4,10,4213
1812,Sales,39,Bachelor,2,3,2,7,6,2,4127
1813,Research & Development,43,Bachelor,1,3,4,7,2,3,2438
1814,Research & Development,41,Bachelor,2,4,3,11,3,3,6870
1815,Sales,41,Below College,3,3,0,23,3,22,10447
1816,Research & Development,30,Bachelor,3,3,9,9,3,7,9667
1818,Human Resources,26,College,1,3,0,6,3,5,2148
1821,Research & Development,46,College,2,3,4,13,2,9,8926
1822,Research & Development,40,Bachelor,2,3,4,12,3,5,6513
1823,Sales,34,College,2,4,1,10,5,10,6799
1824,Sales,58,Bachelor,4,3,4,37,0,16,16291
1826,Research & Development,35,Master,1,1,0,6,2,5,2705
1827,Research & Development,47,Bachelor,3,2,8,28,4,22,10333
1829,Research & Development,40,Bachelor,2,3,2,15,3,7,4448
1830,Research & Development,54,Master,2,3,4,14,2,7,6854
1833,Sales,31,Master,3,3,2,9,3,3,9637
1834,Research & Development,28,Bachelor,1,3,1,3,3,3,3591
1835,Sales,38,Master,2,1,2,20,4,4,5405
1836,Sales,26,Bachelor,2,3,1,5,4,5,4684
1837,Research & Development,58,Master,4,3,2,23,3,2,15787
1839,Research & Development,18,Bachelor,1,3,1,0,4,0,1514
1842,Human Resources,31,Doctor,1,4,0,2,4,1,2956
1844,Human Resources,29,Bachelor,1,2,4,4,3,2,2335
1845,Sales,45,Master,2,3,4,10,3,8,5154
1847,Research & Development,36,Master,2,3,4,15,2,1,6962
1849,Sales,43,Master,2,3,1,7,5,7,5675
1850,Research & Development,27,College,1,3,0,6,3,5,2379
1852,Research & Development,29,Below College,1,3,1,11,3,11,3812
1853,Sales,32,Master,2,3,8,4,2,0,4648
1854,Research & Development,42,Master,1,3,3,10,1,6,2936
1856,Research & Development,47,Master,1,3,4,7,2,2,2105
1857,Research & Development,46,College,3,3,3,12,4,9,8578
1858,Human Resources,28,College,1,3,1,3,2,3,2706
1859,Research & Development,29,Below College,2,1,8,11,3,7,6384
1860,Research & Development,42,Bachelor,1,3,4,8,3,0,3968
1862,Sales,32,Master,2,2,7,7,3,2,9907
1863,Sales,46,Bachelor,4,4,2,25,5,19,13225
1864,Sales,27,Below College,2,2,1,9,5,9,3540
1865,Human Resources,29,Below College,1,2,1,1,3,1,2804
1866,Research & Development,43,Bachelor,5,2,7,21,2,16,19392
1867,Research & Development,48,Bachelor,5,2,4,29,3,22,19665
1868,Research & Development,29,College,1,2,1,1,3,1,2439
1869,Sales,46,Bachelor,3,3,5,14,2,8,7314
1870,Research & Development,27,Bachelor,1,2,0,8,2,7,4774
1871,Research & Development,39,Master,2,3,8,7,2,2,3902
1873,Research & Development,55,Master,1,2,8,19,2,5,2662
1875,Sales,28,Bachelor,1,3,1,1,3,1,2856
1876,Sales,30,Bachelor,1,3,1,1,3,1,1081
1878,Research & Development,22,Below College,1,3,1,1,2,1,2472
1880,Sales,36,Master,2,2,1,10,4,10,5673
1881,Research & Development,31,Bachelor,2,3,1,10,2,10,4197
1882,Sales,34,Bachelor,3,3,2,9,3,5,9713
1883,Research & Development,29,Bachelor,1,3,3,11,2,3,2062
1885,Research & Development,37,Master,2,3,5,16,2,5,4284
1886,Research & Development,35,College,2,2,0,4,2,3,4788
1888,Research & Development,45,College,2,2,0,10,2,9,5906
1890,Human Resources,36,Below College,2,2,1,10,2,10,3886
1892,Research & Development,40,Master,4,3,2,22,3,19,16823
1893,Research & Development,26,College,1,2,1,1,3,1,2933
1898,Sales,27,College,2,4,0,9,5,8,6500
1900,Research & Development,48,Bachelor,4,3,3,24,3,22,17174
1903,Research & Development,44,Master,2,4,2,10,5,2,5033
1905,Research & Development,34,Master,1,1,1,5,2,5,2307
1907,Research & Development,56,College,1,3,1,5,3,4,2587
1908,Sales,36,College,2,2,2,12,1,4,5507
1909,Sales,41,Bachelor,2,3,5,14,3,5,4393
1911,Research & Development,42,Bachelor,3,3,9,18,3,13,13348
1912,Sales,31,College,2,3,2,8,2,5,6583
1915,Sales,34,Below College,2,2,3,9,3,4,8103
1916,Research & Development,31,Bachelor,1,4,8,4,0,2,3978
1918,Research & Development,26,Bachelor,1,4,0,8,3,7,2544
1922,Research & Development,45,Master,2,3,4,12,3,4,5399
1924,Sales,33,Master,2,3,1,10,2,10,5487
1927,Sales,28,College,2,2,1,7,2,7,6834
1928,Sales,29,Bachelor,1,4,1,1,3,1,1091
1929,Sales,39,Master,2,1,6,10,1,3,5736
1931,Research & Development,27,Master,1,3,1,6,3,5,2226
1932,Research & Development,34,Master,2,2,1,16,3,15,5747
1933,Sales,28,College,2,3,3,6,0,2,9854
1934,Research & Development,47,Master,2,3,8,16,4,8,5467
1935,Sales,56,Doctor,2,2,4,6,3,0,5380
1936,Research & Development,39,College,2,3,1,10,3,10,5151
1937,Research & Development,38,Bachelor,2,2,1,20,3,20,2133
1938,Sales,58,Bachelor,4,3,4,29,2,1,17875
1939,Research & Development,32,College,1,4,3,8,2,4,2432
1940,Research & Development,38,College,1,3,2,10,0,5,4771
1941,Research & Development,49,Below College,5,3,3,28,3,5,19161
1943,Sales,42,Master,2,3,3,14,4,0,5087
1944,Human Resources,27,Bachelor,1,2,1,1,2,1,2863
1945,Sales,35,Master,2,3,0,6,2,5,5561
1947,Research & Development,28,Bachelor,1,3,1,5,3,5,2144
1948,Research & Development,31,College,1,3,1,4,3,4,3065
1949,Research & Development,36,Master,1,4,1,5,3,5,2810
1950,Sales,34,Bachelor,3,3,1,14,3,14,9888
1951,Sales,34,Master,3,3,1,9,2,8,8628
1952,Research & Development,26,Bachelor,1,3,0,8,6,7,2867
1954,Research & Development,29,Bachelor,2,3,0,6,5,5,5373
1955,Research & Development,32,Master,2,3,5,9,6,5,6667
1956,Research & Development,31,Bachelor,2,1,1,10,6,10,5003
1960,Research & Development,28,Bachelor,1,2,5,6,2,4,2367
1961,Sales,38,Bachelor,1,2,4,20,3,1,2858
1962,Sales,35,Master,2,3,1,10,2,10,5204
1965,Sales,27,Bachelor,2,3,1,7,5,7,4105
1966,Research & Development,32,Master,2,2,8,8,1,1,9679
1967,Sales,31,Master,2,3,1,10,4,10,5617
1968,Sales,53,Master,3,3,6,15,2,2,10448
1969,Research & Development,54,College,2,3,3,9,6,4,2897
1970,Research & Development,33,College,2,3,1,9,2,9,5968
1971,Research & Development,43,Bachelor,3,3,1,10,1,10,7510
1972,Human Resources,38,Master,1,3,0,7,2,6,2991
1973,Human Resources,55,Master,5,4,4,35,0,10,19636
1974,Research & Development,31,Below College,1,1,1,1,4,1,1129
1975,Sales,39,Master,4,3,0,21,3,20,13341
1976,Research & Development,42,College,2,2,1,20,2,20,4332
1979,Research & Development,31,Bachelor,3,3,4,13,2,11,11031
1980,Research & Development,54,Bachelor,2,3,6,9,3,5,4440
1981,Research & Development,24,College,2,2,1,4,2,4,4617
1982,Research & Development,23,College,1,3,1,5,6,5,2647
1985,Research & Development,40,Bachelor,2,3,1,10,2,10,6323
1986,Sales,40,College,2,3,3,15,4,11,5677
1987,Human Resources,25,Bachelor,1,3,4,6,3,2,2187
1989,Research & Development,30,College,1,3,1,12,6,12,3748
1992,Research & Development,25,Below College,1,3,6,7,2,2,3977
1993,Research & Development,47,Bachelor,3,3,2,25,3,17,8633
1994,Research & Development,33,College,1,2,1,1,2,1,2008
1995,Sales,38,Master,2,3,0,16,3,15,4440
1996,Sales,31,College,1,3,0,3,1,2,3067
1997,Research & Development,38,Master,2,2,2,10,1,8,5321
1998,Research & Development,42,Master,2,3,6,9,3,4,5410
1999,Research & Development,41,Bachelor,1,3,3,12,3,5,2782
2000,Research & Development,47,Below College,3,3,0,14,3,13,11957
2003,Research & Development,35,Master,1,3,7,5,3,2,2660
2007,Research & Development,22,College,1,3,0,4,2,3,3375
2008,Research & Development,35,Master,2,3,1,10,5,10,5098
2009,Research & Development,33,College,2,3,0,10,6,9,4878
2010,Research & Development,32,Master,1,2,1,6,3,6,2837
2012,Research & Development,40,Master,1,3,8,8,3,1,2406
2013,Sales,32,Master,1,2,0,3,2,2,2269
2014,Research & Development,39,Below College,2,3,7,18,2,7,4108
2015,Research & Development,38,Bachelor,3,1,3,20,3,18,13206
2016,Sales,32,Master,3,3,1,14,3,14,10422
2017,Research & Development,37,Bachelor,3,4,1,16,2,16,13744
2018,Sales,25,College,2,3,0,6,3,5,4907
2019,Sales,52,Master,1,3,2,16,3,9,3482
2020,Research & Development,44,Bachelor,1,3,6,6,2,4,2436
2021,Sales,21,Below College,1,3,1,2,6,2,2380
2022,Research & Development,39,Bachelor,5,3,2,21,3,6,19431
2023,Sales,23,Bachelor,1,3,1,1,3,1,1790
2024,Sales,36,Bachelor,3,2,0,10,2,9,7644
2025,Research & Development,36,College,2,3,7,18,3,4,5131
2026,Research & Development,56,Master,2,3,1,13,2,13,6306
2027,Research & Development,29,Master,1,3,9,4,3,2,4787
2031,Research & Development,42,Bachelor,5,3,5,24,2,22,18880
2032,Research & Development,56,College,1,3,8,14,4,10,2339
2034,Research & Development,41,Master,4,2,0,21,3,20,13570
2035,Sales,34,Bachelor,2,2,1,8,2,8,6712
2036,Sales,36,Master,2,1,1,15,4,15,5406
2037,Sales,41,Bachelor,2,2,2,14,5,5,8938
2038,Research & Development,32,Bachelor,1,3,1,4,4,4,2439
2040,Human Resources,35,Master,3,3,1,9,2,9,8837
2041,Sales,38,College,2,3,1,10,1,10,5343
2044,Sales,50,Master,2,3,7,12,3,6,6728
2045,Sales,36,Master,2,2,4,8,2,6,6652
2046,Sales,45,Bachelor,2,3,8,8,3,5,4850
2048,Research & Development,40,Master,1,2,2,8,2,2,2809
2049,Research & Development,35,Master,2,3,1,10,2,10,5689
2051,Research & Development,40,Master,1,3,2,20,2,5,2001
2052,Research & Development,35,Master,1,1,1,4,5,4,2977
2053,Research & Development,29,College,2,2,4,10,2,4,4025
2054,Research & Development,29,Master,1,2,1,5,3,5,3785
2055,Sales,50,Bachelor,3,2,4,20,3,3,10854
2056,Sales,39,Below College,4,2,0,21,2,20,12031
2057,Research & Development,31,Bachelor,2,3,0,10,2,9,9936
2060,Sales,26,Bachelor,1,2,0,5,2,4,2966
2061,Research & Development,36,College,2,4,4,17,3,5,2571
2062,Research & Development,39,Below College,3,2,4,9,5,7,9991
2064,Research & Development,27,Bachelor,2,4,1,6,0,6,6142
2065,Sales,49,Bachelor,2,2,2,17,3,9,5390
2068,Research & Development,34,Bachelor,2,4,2,6,3,4,4404
